group_level,region_id,admin_name,municipality_code,station_count,broad_matched_lead_stations,strong_matched_lead_stations,strong_lead_station_rate,registered_voters,voters_signed,turnout,valid_candidate_votes,progressive_bulgaria_votes,progressive_bulgaria_share,strong_lead_valid_candidate_votes,strong_lead_progressive_bulgaria_votes,strong_lead_progressive_bulgaria_share,strong_lead_valid_vote_share_of_group,strong_lead_pb_votes_minus_control_expectation,broad_lead_pb_votes_minus_control_expectation,matched_positive_residual_stations,matched_relative_high_turnout_high_share_stations,validation_issue_stations,strong_lead_validation_issue_stations,max_matched_control_score,max_pb_control_z,max_pb_share_minus_control,max_turnout_minus_control,strong_lead_sections,strong_lead_places,voting_modes_in_strong_leads,validation_issue_types,strong_lead_centroid_latitude,strong_lead_centroid_longitude,group_label
municipality,23,23. СОФИЯ 23 МИР,46,636,24,21,0.0330188679245283,448260,266582,0.5947039664480436,258986,84340,0.32565466859212466,9051,4262,0.4708871947851066,0.03494783501810909,1343.4900018039937,1536.1092481690257,22,0,2,0,3,10.674945273985896,0.2448155901266546,0.174522845575477,234623003; 234615002; 234623005; 234623024; 234615001; 234623007; 234616001; 234616009; 234615122; 234623010,"гр. София,Кв. Горубляне; гр.София; с.Долни Пасарел; с.Казичене; с.Кокаляне; с.Кривина; с.Лозен; с.Панчарево",mixed_machine_paper; paper_only,,42.637473618571434,23.413909004761905,23/46
municipality,24,24. СОФИЯ 24 МИР,46,502,26,16,0.03187250996015936,441044,183336,0.41568641677474355,177565,62245,0.35054768676259396,5413,2918,0.5390726029927951,0.03048461126911272,1049.5187122827579,1647.184293876774,25,0,4,1,4,9.623745405462325,0.3013364277979803,0.0954406574089258,244614074; 244622001; 244606072; 244614058; 244622002; 244622012; 244605044; 244622013; 244614072; 244622023,"гр. София,Кв. Ботунец; гр. София,Кв. Враждебна; гр.Бухово; гр.София",mixed_machine_paper; paper_only,signed_voters_ballots_found_mismatch,42.701486634999995,23.432180063125003,24/46
municipality,09,09. КЪРДЖАЛИ,14,80,10,9,0.1125,37588,10656,0.28349473236139194,10073,3461,0.3435917800059565,2007,1309,0.6522172396611858,0.1992455077931103,616.6547675709254,668.3970356121625,9,3,2,0,5,15.55028494703145,0.4424209441993353,0.465700104493208,091400012; 091400017; 091400034; 091400011; 091400016; 091400018; 091400001; 091400040; 091400002,с.Бенковски; с.Горно Кирково; с.Горно Къпиново; с.Долно Къпиново; с.Дрангово; с.Кирково; с.Хаджийско; с.Чакаларово,mixed_machine_paper; paper_only,,41.324553226666666,25.300095265555555,09/14
municipality,09,09. КЪРДЖАЛИ,16,170,11,9,0.052941176470588235,103809,32207,0.31025248292537255,30678,8759,0.2855140491557468,2204,1062,0.48185117967332125,0.07184301453810549,482.1537126160555,591.311969335371,7,2,4,0,4,11.189705288410725,0.319211574048113,0.4626786443153393,091600037; 091600013; 091600043; 091600018; 091600017; 091600038; 091600026; 091600056; 091600160,гр.Кърджали,mixed_machine_paper; paper_only,,41.63393846444445,25.372419301111112,09/16
municipality,25,25. СОФИЯ 25 МИР,46,516,9,9,0.01744186046511628,360656,188571,0.522855574286855,181655,76252,0.41976273705650824,2937,1672,0.5692883895131086,0.016168010789683742,460.21974372851435,460.21974372851435,7,0,2,0,3,8.326334585857436,0.2482742143223963,0.211517805502768,254621023; 254620015; 254620038; 254619062; 254621001; 254621024; 254621011; 254621031; 254624019,гр.Банкя; гр.Нови Искър; гр.София; с.Доброславци; с.Кътина; с.Локорско,mixed_machine_paper; paper_only,,42.77541863666667,23.30336887,25/46
municipality,16,16. ПЛОВДИВ град,22,482,8,7,0.014522821576763486,309183,158118,0.51140586642862,152802,70711,0.46276226750958754,2599,1555,0.5983070411696807,0.017008939673564483,340.10540366144,392.58361783756766,5,0,1,0,3,6.433267148056801,0.2002889414236932,0.1862269766639347,162202059; 162203039; 162203044; 162202056; 162206056; 162202055; 162205099,гр.Пловдив,mixed_machine_paper; paper_only,,42.135042704285716,24.746673924285716,16/22
municipality,03,03. ВАРНА,06,412,4,4,0.009708737864077669,304039,156493,0.5147135729297886,151966,67670,0.44529697432320386,2180,1221,0.560091743119266,0.014345314083413396,273.33357865475335,273.33357865475335,4,0,18,0,3,7.420994146715955,0.1512999317804136,0.0964930521297938,030603193; 030600387; 030605377; 030605364,гр.Варна; с.Константиново,mixed_machine_paper,,43.1866499625,27.8724762525,03/06
municipality,29,29. ХАСКОВО,34,154,5,4,0.025974025974025976,89608,42823,0.47789259887510044,41513,21147,0.5094066918796522,1638,1063,0.648962148962149,0.03945751933129381,246.4968944164652,297.7437633282381,5,0,2,0,3,7.081799386742237,0.1840825766605616,0.1743916419177127,293400051; 293400008; 293400076; 293400052,гр.Хасково,mixed_machine_paper,,41.93940438,25.555899895,29/34
municipality,01,01. БЛАГОЕВГРАД,33,90,3,3,0.03333333333333333,54166,23120,0.4268360225972012,22365,10517,0.47024368432819136,1039,686,0.6602502406159769,0.04645651687905209,206.94283609207707,206.94283609207707,2,1,0,0,4,9.785694367846126,0.3961467405647928,0.2087362098864937,013300056; 013300049; 013300047,с.Кулата; с.Марино поле; с.Михнево,mixed_machine_paper; paper_only,,41.41947819999999,23.301460766666665,01/33
municipality,09,09. КЪРДЖАЛИ,15,86,4,3,0.03488372093023256,35455,9842,0.2775913129318855,9447,2384,0.25235524505133905,731,382,0.5225718194254446,0.07737906213612787,203.02352950020932,291.2451868464218,3,1,1,0,3,12.287563680593346,0.3132844462279698,0.3304999137898131,091500003; 091500057; 091500004,гр.Крумовград; с.Аврен,mixed_machine_paper; paper_only,,41.43302593333333,25.6718946,09/15
municipality,08,08. ДОБРИЧ,27,33,6,3,0.09090909090909091,21157,5721,0.27040695750815336,5470,2200,0.40219378427787933,886,540,0.6094808126410836,0.1619744058500914,197.60833784608826,378.5496738678761,6,3,0,0,3,8.481248700170237,0.2314195047750131,0.2448534336115914,082700003; 082700006; 082700002,гр.Тервел,mixed_machine_paper,,43.74586486666667,27.4084964,08/27
municipality,02,02. БУРГАС,04,343,3,3,0.008746355685131196,185839,96394,0.5186962908754352,93690,46029,0.49129042587255844,740,557,0.7527027027027027,0.007898388301846516,195.7228362800971,195.7228362800971,3,0,1,0,2,9.29600407087942,0.3227775984461605,-0.0187201150327287,020400326; 020400327; 020400144,гр.Бургас; с.Равнец,mixed_machine_paper,,42.49393116666667,27.300613666666667,02/04
municipality,17,17. ПЛОВДИВ област,01,109,3,3,0.027522935779816515,57570,27254,0.4734062879972208,26357,12283,0.46602420609325795,814,562,0.6904176904176904,0.0308836362256706,186.17241704260513,186.17241704260513,3,1,0,0,5,9.274480619549616,0.286161875097623,0.4827894161992592,170100090; 170100077; 170100034,гр.Асеновград; с.Боянци; с.Конуш,mixed_machine_paper,,42.03730259,24.955164916666664,17/01
municipality,21,21. СЛИВЕН,11,30,3,3,0.1,19003,6393,0.3364205651739199,5971,2595,0.43460056941885783,803,507,0.6313823163138231,0.13448333612460225,160.81903088157077,160.81903088157077,3,0,0,0,2,6.7066935971536985,0.2079982446383916,0.1130361992424459,211100019; 211100003; 211100011,гр.Котел; с.Градец; с.Мокрен,mixed_machine_paper,,42.80771636666666,26.538720299999998,21/11
municipality,13,13. ПАЗАРДЖИК,19,151,3,3,0.019867549668874173,99573,42480,0.4266216745503299,41166,22394,0.5439926152650245,960,661,0.6885416666666667,0.023320215711995336,146.1244914537839,146.1244914537839,2,0,3,0,2,5.9590102760283585,0.1750012440823151,0.1387968743364335,131900155; 131900192; 131900200,с.Братаница; с.Добровница; с.Черногорово,mixed_machine_paper,,42.216604413333336,24.331413506666667,13/19
municipality,30,30. ШУМЕН,30,131,3,3,0.022900763358778626,85288,35917,0.42112606697307947,34657,18307,0.5282338344346019,1132,660,0.5830388692579506,0.03266295409296823,59.611489745563006,59.611489745563006,0,0,6,2,2,4.421126904852535,0.1043550206149352,0.5384144430077191,303000032; 303000063; 303000079,гр.Шумен,mixed_machine_paper,protocol_machine_arithmetic_mismatch; signed_voters_ballots_found_mismatch,43.26478430333333,26.930657103333335,30/30
municipality,18,18. РАЗГРАД,14,42,5,2,0.047619047619047616,26808,9694,0.36160847508206506,9274,2311,0.24919128747034722,772,365,0.4727979274611399,0.08324347638559414,175.3662449817026,363.88820331950393,5,0,0,0,3,11.137339928072786,0.2310855541873312,0.091274521342467,181400013; 181400008,гр.Исперих,mixed_machine_paper,,43.71145705,26.8319093,18/14
municipality,20,20. СИЛИСТРА,10,43,3,2,0.046511627906976744,29314,10525,0.3590434604625776,10126,3401,0.3358680624135888,673,379,0.563150074294205,0.06646257159786688,160.34407160078575,219.38338872442776,3,0,0,0,3,10.739916579898818,0.2664064790754578,0.0899133708951407,201000404; 201000403,гр.Дулово,mixed_machine_paper,,43.82379175,27.1413023,20/10
municipality,09,09. КЪРДЖАЛИ,02,58,3,2,0.034482758620689655,26691,7125,0.26694391367876813,6870,1423,0.20713245997088792,635,292,0.45984251968503936,0.09243085880640466,156.33523939068704,220.46526592671478,3,1,0,0,5,11.378674260277707,0.2546568141001747,0.3101363287250384,090200028; 090200020,с.Жълтуша; с.Падина,mixed_machine_paper,,41.521217449999995,25.059125950000002,09/02
municipality,17,17. ПЛОВДИВ област,25,34,3,2,0.058823529411764705,22064,9502,0.4306562726613488,9072,5173,0.5702160493827161,620,485,0.782258064516129,0.068342151675485,136.22683677536875,191.84708392365772,3,0,0,0,2,7.909280667897139,0.2470397341198374,-0.0264604290630819,172500027; 172500028,с.Чалъкови,mixed_machine_paper,,42.1609618,25.0127468,17/25
municipality,01,01. БЛАГОЕВГРАД,37,29,2,2,0.06896551724137931,17247,11175,0.6479387719603409,10753,5143,0.47828512973123777,891,555,0.622895622895623,0.08286059704268577,132.7104415079247,132.7104415079247,2,0,0,0,2,6.564881737409339,0.1607154919429287,0.0189941352217024,013700018; 013700021,с.Баня; с.Бачево,mixed_machine_paper,,41.902313765,23.4876886,01/37
municipality,09,09. КЪРДЖАЛИ,21,62,2,2,0.03225806451612903,33415,9253,0.2769115666616789,8873,1647,0.1856192944888989,653,258,0.39509954058192953,0.07359404936323678,124.67433283372152,124.67433283372152,2,0,2,0,2,9.272241405967373,0.2178718065931497,0.0501450697168177,092100009; 092100001,гр.Момчилград,mixed_machine_paper,,41.528905800000004,25.40948205,09/21
municipality,15,15. ПЛЕВЕН,37,41,2,2,0.04878048780487805,23568,10737,0.45557535641547864,10317,5310,0.51468450130852,717,489,0.6820083682008368,0.06949694678685664,119.91672828678159,119.91672828678159,2,0,0,0,2,7.431959854486274,0.200568535432541,0.0766818334370477,153700034; 153700028,гр.Червен бряг,mixed_machine_paper,,43.278074425,24.089828935,15/37
municipality,02,02. БУРГАС,18,52,2,2,0.038461538461538464,28800,12944,0.4494444444444444,12168,2339,0.19222550953320183,445,197,0.44269662921348313,0.03657133464825772,111.0866604738105,111.0866604738105,2,0,0,0,2,11.20213286257777,0.315181658850836,0.0182770443226963,021800016; 021800028,с.Каравельово; с.Просеник,mixed_machine_paper,,42.864036459999994,27.30051162,02/18
municipality,27,27. СТАРА ЗАГОРА,12,90,2,2,0.022222222222222223,63934,33065,0.5171739606469171,31989,16292,0.5093000718997155,810,517,0.6382716049382716,0.02532120416393135,106.3686538818086,106.3686538818086,2,0,4,0,2,5.516345984918495,0.1353720996913459,0.0569195726045986,271200085; 271200077,с.Горно Черковище; с.Овощник,mixed_machine_paper,,42.574166250000005,25.381149649999998,27/12
municipality,13,13. ПАЗАРДЖИК,08,51,4,2,0.0392156862745098,30936,14221,0.4596909749159555,13669,6357,0.4650669397907674,483,324,0.6708074534161491,0.03533543053624991,105.74238476741382,180.81074882121501,2,2,2,0,3,7.994152060082914,0.303502665254166,0.3296130952380952,130800029; 130800003,гр.Велинград,mixed_machine_paper; paper_only,,42.02543645,23.9941739,13/08
municipality,08,08. ДОБРИЧ,15,68,2,2,0.029411764705882353,21303,7828,0.36745998216213677,7498,3302,0.44038410242731396,487,317,0.6509240246406571,0.06495065350760203,99.53000155645405,99.53000155645405,1,1,1,0,3,7.769211790267271,0.2053628161138644,0.403578069597958,081500021; 081500028,с.Дончево; с.Козлодуйци,mixed_machine_paper,,43.57535174,27.755197465000002,08/15
municipality,06,06. ВРАЦА,10,116,2,2,0.017241379310344827,63643,32043,0.5034803513347894,31113,17812,0.5724938128756468,634,455,0.7176656151419558,0.020377334233278695,93.6479468517837,93.6479468517837,1,0,1,0,2,6.173713383965625,0.1710150369920775,0.1154945477562522,061000059; 061000082,гр.Враца; с.Паволче,mixed_machine_paper,,43.19074651,23.574368405,06/10
municipality,17,17. ПЛОВДИВ област,12,20,2,2,0.1,9082,4598,0.5062761506276151,4457,2345,0.5261386582903298,381,266,0.6981627296587927,0.08548350908682971,72.58638474105996,72.58638474105996,1,0,1,1,2,6.667873176596951,0.2024492878370246,0.1083777437865959,171200009; 171200011,с.Главатар; с.Ръжево Конаре,mixed_machine_paper; paper_only,signed_voters_ballots_found_mismatch,42.3377945,24.83907585,17/12
municipality,20,20. СИЛИСТРА,31,94,2,2,0.02127659574468085,45338,21455,0.4732233446556972,20740,11405,0.5499035679845709,605,408,0.6743801652892562,0.029170684667309547,71.67460651839093,71.67460651839093,0,0,0,0,2,4.281811890528234,0.1303941672362725,0.0923390558855568,203100178; 203100179,с.Калипетрово,mixed_machine_paper,,44.082928905,27.248575455,20/31
municipality,04,04. ВЕЛИКО ТЪРНОВО,04,144,2,2,0.013888888888888888,71949,38225,0.5312791004739468,37094,18182,0.49016013371434736,829,474,0.571773220747889,0.02234862781042756,71.57976797098345,71.57976797098345,0,0,1,0,2,5.261785062097477,0.159885105786745,0.070085617147974,040400102; 040400085,гр.Велико Търново; с.Ресен,mixed_machine_paper,,43.141156179999996,25.58115582,04/04
municipality,22,22. СМОЛЯН,11,21,2,2,0.09523809523809523,9653,5059,0.5240857764425567,4897,3144,0.6420257300387993,490,338,0.689795918367347,0.1000612619971411,53.078060984224166,53.078060984224166,1,0,0,0,2,9.212098742233202,0.3835106382978723,0.4838004425998946,221100010; 221100008,гр.Златоград; с.Аламовци,mixed_machine_paper; paper_only,,41.38676315,25.048215,22/11
municipality,29,29. ХАСКОВО,19,17,3,1,0.058823529411764705,6963,3710,0.5328163148068361,3584,773,0.21568080357142858,311,213,0.684887459807074,0.08677455357142858,166.17768437141766,334.32763206329525,3,0,0,0,3,26.34986465361804,0.5343333902617932,0.1114299754299754,291900002,с.Минерални бани,mixed_machine_paper,,41.934466,25.3500289,29/19
municipality,09,09. КЪРДЖАЛИ,08,45,1,1,0.022222222222222223,24177,6996,0.2893659262935848,6788,483,0.0711549793753683,407,150,0.36855036855036855,0.05995875073659399,129.13395810363838,129.13395810363838,1,1,0,0,3,29.02342300315017,0.3172824523430917,0.3268609676724521,090800030,с.Припек,mixed_machine_paper,,41.46144836,25.18448353,09/08
municipality,27,27. СТАРА ЗАГОРА,37,11,2,1,0.09090909090909091,4269,1988,0.46568282970250646,1890,942,0.4984126984126984,411,290,0.7055961070559611,0.21746031746031746,108.815415821501,171.92134520191405,2,0,0,0,2,10.810882232067655,0.2647577027287129,-0.0409004020829213,273700002,гр.Гурково,mixed_machine_paper,,42.6577808,25.7961809,27/37
municipality,01,01. БЛАГОЕВГРАД,11,43,4,1,0.023255813953488372,28294,15238,0.5385594118894466,14689,4797,0.3265709033970999,557,270,0.48473967684021546,0.0379195316223024,94.83982174388296,250.02059687150003,4,0,0,0,3,8.654859619196987,0.1702689797915313,0.0663117139163821,011100001,гр.Гоце Делчев,mixed_machine_paper,,41.5708122,23.72281,01/11
municipality,01,01. БЛАГОЕВГРАД,13,24,3,1,0.041666666666666664,13697,8111,0.5921734686427685,7787,1896,0.24348272762296136,407,186,0.457002457002457,0.05226659817644792,93.61832515246172,209.42615339146462,3,0,0,0,2,11.07830068952259,0.2300204549200533,-0.0076316786661613,011300002,с.Гърмен,mixed_machine_paper,,41.59659003,23.80778074,01/13
municipality,17,17. ПЛОВДИВ област,40,7,1,1,0.14285714285714285,4099,1942,0.4737740912417663,1851,1165,0.6293895191788222,272,247,0.9080882352941176,0.1469475958941113,89.002567394095,89.002567394095,1,0,0,0,3,10.937162272183988,0.3272153213018198,-0.2293390558782301,174000006,гр.Перущица,mixed_machine_paper,,42.057517,24.5479535,17/40
municipality,20,20. СИЛИСТРА,32,14,1,1,0.07142857142857142,5046,2323,0.4603646452635751,2227,993,0.44589133363268973,327,214,0.654434250764526,0.14683430624158061,85.20663744520976,85.20663744520976,1,0,0,0,2,9.64365056125981,0.2605707567131797,0.1119123025790597,203200601,с.Ситово,mixed_machine_paper,,44.02766074,27.02106714,20/32
municipality,22,22. СМОЛЯН,16,37,1,1,0.02702702702702703,10144,6061,0.5974960567823344,5843,2742,0.46927947971932227,435,301,0.6919540229885057,0.07444805750470648,79.6480075901328,79.6480075901328,1,0,0,0,2,7.638857412340822,0.1830988680232937,0.0315980846890754,221600018,с.Средногорци,mixed_machine_paper,,41.5320486,24.9115024,22/16
municipality,01,01. БЛАГОЕВГРАД,53,16,1,1,0.0625,8474,5658,0.6676894028793958,5444,896,0.16458486407053638,353,134,0.37960339943342775,0.06484202792064658,79.1854358974359,79.1854358974359,1,0,0,0,2,11.637011625990043,0.2243213481513764,-0.0344258563787412,015300003,гр.Якоруда,mixed_machine_paper,,42.01776776,23.66940022,01/53
municipality,29,29. ХАСКОВО,33,43,1,1,0.023255813953488372,21005,10180,0.4846465127350631,9755,5682,0.5824705279343926,285,249,0.8736842105263158,0.0292157867760123,78.05003762227238,78.05003762227238,1,0,0,0,2,9.43655174161134,0.2738597811307803,0.0074965684721782,293300039,с.Славяново,mixed_machine_paper,,41.80788829999999,25.780337,29/33
municipality,20,20. СИЛИСТРА,15,14,1,1,0.07142857142857142,4406,1535,0.3483885610531094,1470,489,0.3326530612244898,256,149,0.58203125,0.17414965986394557,74.76294591484465,74.76294591484465,1,1,0,0,3,10.297773780806551,0.2920427574798619,0.2268942271746078,201500507,с.Кайнарджа,mixed_machine_paper,,43.9922617,27.5079014,20/15
municipality,27,27. СТАРА ЗАГОРА,38,7,1,1,0.14285714285714285,3796,1666,0.43888303477344576,1581,672,0.4250474383301708,337,202,0.599406528189911,0.2131562302340291,74.67684887459806,74.67684887459806,1,0,0,0,2,8.39019403141969,0.2215930233667599,-0.0255413666040543,273800002,гр.Николаево,mixed_machine_paper,,42.6311313,25.7909582,27/38
municipality,15,15. ПЛЕВЕН,21,19,1,1,0.05263157894736842,7546,3739,0.4954943016167506,3580,1324,0.36983240223463687,272,167,0.6139705882352942,0.07597765363128492,72.96396396396396,72.96396396396396,1,0,0,0,2,9.302071642041522,0.2682498675145734,0.0527585042511447,152100006,с.Въбел,mixed_machine_paper,,43.6524471,24.8999419,15/21
municipality,01,01. БЛАГОЕВГРАД,02,19,3,1,0.05263157894736842,8012,5574,0.6957064403394908,5346,560,0.10475121586232697,376,113,0.300531914893617,0.07033295922184811,72.87093571605857,186.5946747862074,3,0,0,0,2,12.171175929619402,0.1938056800959005,-0.1931313356148501,010200002,гр.Белица,mixed_machine_paper,,41.94677963,23.55973005,01/02
municipality,17,17. ПЛОВДИВ област,28,22,2,1,0.045454545454545456,12216,5493,0.44965618860510803,5180,2782,0.537065637065637,354,259,0.731638418079096,0.06833976833976833,71.71327471584817,124.6778257665805,2,0,1,0,2,7.63594156762587,0.2025798720786671,0.0701881664858928,172800004,с.Чешнегирово,mixed_machine_paper,,42.1259975,24.9762944,17/28
municipality,13,13. ПАЗАРДЖИК,24,17,1,1,0.058823529411764705,12737,5967,0.4684776635000393,5715,2593,0.4537182852143482,298,200,0.6711409395973155,0.052143482064741904,68.19866814650388,68.19866814650388,1,0,0,0,2,7.954453665377833,0.2288545910956506,-0.2692208080509102,132400007,гр.Ракитово,mixed_machine_paper,,41.9890964,24.0801765,13/24
municipality,03,03. ВАРНА,16,29,2,1,0.034482758620689655,12435,5175,0.4161640530759952,4974,1681,0.33795737836751105,334,174,0.5209580838323353,0.0671491757137113,67.29179030662709,117.35470502768878,2,0,0,0,2,7.896679736708585,0.2014724260677458,0.0836259733461295,031600004,гр.Дългопол,mixed_machine_paper,,43.05397831,27.34351158,03/16
municipality,17,17. ПЛОВДИВ област,23,40,1,1,0.025,22079,9648,0.4369763123329861,9260,5219,0.5636069114470842,299,235,0.7859531772575251,0.03228941684665227,65.94530851606322,65.94530851606322,1,0,0,0,2,7.693528776176278,0.2205528712911814,-0.1277772341396799,172300039,с.Виница,mixed_machine_paper,,42.1357796,25.136362,17/23
municipality,27,27. СТАРА ЗАГОРА,31,212,1,1,0.0047169811320754715,138494,71542,0.5165711149941514,69142,34180,0.49434497121865145,550,341,0.62,0.007954644065835527,64.71578417989798,64.71578417989798,1,0,5,0,2,5.519040797896843,0.117665062145269,0.0624501089883903,273100115,гр.Стара Загора,mixed_machine_paper,,42.41580552,25.61331511,27/31
municipality,27,27. СТАРА ЗАГОРА,22,17,3,1,0.058823529411764705,9826,4233,0.43079584775086505,3994,1590,0.39809714571857785,272,166,0.6102941176470589,0.06810215322984477,63.990462833099585,176.2432165875115,3,0,0,0,2,8.01432659666419,0.2352590545334544,0.0097754184554174,272200001,гр.Мъглиж,mixed_machine_paper,,42.60717937,25.54495096,27/22
municipality,02,02. БУРГАС,23,31,1,1,0.03225806451612903,10476,5147,0.4913134784268805,4901,1669,0.34054274637829013,282,153,0.5425531914893617,0.05753927769842889,63.6354721210423,63.6354721210423,1,0,0,0,2,8.144662848847716,0.2256577025568875,0.0024955139361421,022300003,гр.Сунгурларе,mixed_machine_paper,,42.759712,26.7791684,02/23
municipality,19,19. РУСЕ,05,23,5,1,0.043478260869565216,12181,4894,0.401773253427469,4707,1405,0.2984916082430423,174,112,0.6436781609195402,0.036966220522625874,63.49446316803081,288.06473088479544,4,1,0,0,3,10.735012130619058,0.364910707862246,0.1674755587462547,190500017,гр.Сеново,mixed_machine_paper,,43.6582645,26.373607,19/05
municipality,01,01. БЛАГОЕВГРАД,44,30,1,1,0.03333333333333333,12293,8390,0.6825022370454731,8077,1741,0.2155503280921134,403,146,0.36228287841191065,0.049894762907019934,62.94640560240103,62.94640560240103,1,0,0,0,2,7.751854719872801,0.1561945548446675,0.0421990733291373,014400022,с.Полето,mixed_machine_paper,,41.8595948,23.1434227,01/44
municipality,03,03. ВАРНА,01,17,1,1,0.058823529411764705,7025,3698,0.5264056939501779,3552,1560,0.4391891891891892,247,167,0.6761133603238867,0.06953828828828829,62.3834832379395,62.3834832379395,1,0,0,0,2,8.033192282473006,0.2525647094653421,-0.2448106771277504,030100014,с.Синдел,mixed_machine_paper,,43.1087342,27.6056675,03/01
municipality,22,22. СМОЛЯН,10,13,1,1,0.07692307692307693,7135,3778,0.5295024526979678,3690,1284,0.34796747967479674,354,178,0.5028248587570622,0.0959349593495935,61.89423984891407,61.89423984891407,1,0,0,0,2,7.007014532072072,0.1748424854489098,0.0086815776008011,221000012,с.Любча,mixed_machine_paper,,41.6192783,24.0970389,22/10
municipality,18,18. РАЗГРАД,11,16,1,1,0.0625,11237,3803,0.3384355254961289,3630,983,0.2707988980716253,279,133,0.4767025089605735,0.0768595041322314,61.0,61.0,1,0,0,0,2,8.346041035496025,0.2186379928315412,0.0557879047417773,181100005,гр.Завет,mixed_machine_paper,,43.757745,26.677036,18/11
municipality,27,27. СТАРА ЗАГОРА,07,22,1,1,0.045454545454545456,9607,5356,0.557510148849797,5122,2318,0.4525575946895744,442,260,0.5882352941176471,0.08629441624365482,60.525242223355434,60.525242223355434,1,0,0,0,3,5.785291203988662,0.1369349371569127,0.0591258392003088,270700006,гр.Гълъбово,mixed_machine_paper,,42.145155,25.8814558,27/07
municipality,02,02. БУРГАС,21,21,1,1,0.047619047619047616,11097,6036,0.5439307921059746,5828,3141,0.5389498970487303,355,245,0.6901408450704225,0.06091283459162663,60.050959232613906,60.050959232613906,1,0,0,0,2,6.3799685952004666,0.1691576316411659,0.0478044436528786,022100018,с.Равадиново,mixed_machine_paper,,42.3830151,27.6674815,02/21
municipality,30,30. ШУМЕН,21,14,1,1,0.07142857142857142,7188,3038,0.4226488592097941,2894,729,0.2519004837595024,249,115,0.46184738955823296,0.08604008293020042,58.35966653433902,58.35966653433902,1,0,0,0,3,8.822518275993394,0.2343761708206386,0.0694056600585082,302100006,с.Крива река,mixed_machine_paper,,43.5033923,27.1400837,30/21
municipality,06,06. ВРАЦА,27,44,1,1,0.022727272727272728,16280,8903,0.5468673218673219,8619,5193,0.602506091193874,210,183,0.8714285714285714,0.024364775495997214,57.63535031847134,57.63535031847134,1,0,0,0,4,8.108399548832768,0.2744540491355778,0.1342772297797848,062700034,с.Оселна,mixed_machine_paper,,43.0631068,23.54748,06/27
municipality,15,15. ПЛЕВЕН,39,20,1,1,0.05,11028,5651,0.5124229234675372,5417,2398,0.4426804504338195,334,204,0.6107784431137725,0.061657744138822225,57.025995807127885,57.025995807127885,1,0,0,0,2,6.286006997659439,0.1707365143925985,-0.0314693146184859,153900003,гр.Кнежа,mixed_machine_paper,,43.491131,24.0742656,15/39
municipality,13,13. ПАЗАРДЖИК,20,27,1,1,0.037037037037037035,19693,10118,0.5137866246889757,9749,5222,0.5356446815057955,428,285,0.6658878504672897,0.04390193866037542,56.87458745874591,56.87458745874591,1,0,0,0,2,5.5102908169495946,0.1328845501372567,0.0426324633197692,132000019,с.Бъта,mixed_machine_paper,,42.4489505,24.1804186,13/20
municipality,06,06. ВРАЦА,08,46,1,1,0.021739130434782608,19698,11443,0.5809219210072089,11187,4533,0.4052024671493698,271,172,0.6346863468634686,0.024224546348440155,56.48933570317707,56.48933570317707,1,0,1,0,2,6.938886252098518,0.2084477332220555,-0.0781604706226963,060800013,гр.Бяла Слатина,mixed_machine_paper,,43.4713955,23.9341179,06/08
municipality,01,01. БЛАГОЕВГРАД,42,26,2,1,0.038461538461538464,14970,7795,0.5207080828323313,7617,2408,0.31613496127084156,173,96,0.5549132947976878,0.022712353945122752,55.003361344537815,116.8813450128795,2,0,0,0,2,9.834350035830532,0.3179385048817214,-0.3816571025873351,014200008,с.Долен,paper_only,,41.62363935,23.93350124,01/42
municipality,17,17. ПЛОВДИВ област,26,57,1,1,0.017543859649122806,28763,14732,0.5121857942495567,14218,7506,0.5279223519482347,221,170,0.7692307692307693,0.01554367702911802,54.71273050433237,54.71273050433237,1,0,0,0,2,7.367670657344067,0.2475689163091963,-0.1554425453378269,172600056,с.Ягодово,mixed_machine_paper,,42.1056001,24.8482144,17/26
municipality,29,29. ХАСКОВО,30,30,1,1,0.03333333333333333,13295,4590,0.34524257239563744,4433,1016,0.22919016467403563,107,76,0.7102803738317757,0.024137153169411233,54.45990180032733,54.45990180032733,1,0,1,0,2,13.129969237823008,0.5089710448628723,-0.0660352488669099,293000025,с.Тънково,paper_only,,41.742649,25.772504,29/30
municipality,02,02. БУРГАС,01,52,3,1,0.019230769230769232,27873,11052,0.3965127542783339,10587,4355,0.41135354680268255,404,219,0.5420792079207921,0.03816000755643714,54.12016412661194,136.31889204157375,2,1,0,0,2,5.478452673117788,0.1339608022935939,0.1498383879550673,020100009,гр.Айтос,mixed_machine_paper,,42.7078825,27.2588355,02/01
municipality,01,01. БЛАГОЕВГРАД,28,11,1,1,0.09090909090909091,4278,2520,0.5890603085553997,2441,955,0.39123310118803767,267,155,0.5805243445692884,0.10938140106513723,54.08349802371542,54.08349802371542,1,0,0,0,2,6.826153783466843,0.202559917691818,0.0353461466691547,012800008,с.Сливница,mixed_machine_paper,,41.69266590000001,23.1653164,01/28
municipality,26,26. СОФИЯ област,20,30,6,1,0.03333333333333333,13853,8192,0.5913520537067783,7675,3007,0.39179153094462543,472,235,0.4978813559322034,0.061498371335504884,53.85529297507284,360.61520783425794,6,0,0,0,2,5.097392575678688,0.1141001969810865,0.4266114743817455,262000001,гр.Ихтиман,mixed_machine_paper,,42.4377012,23.8162903,26/20
municipality,18,18. РАЗГРАД,16,35,1,1,0.02857142857142857,18638,6809,0.3653288979504239,6505,2355,0.3620292083013067,290,157,0.5413793103448276,0.044581091468101464,53.752858399296386,53.752858399296386,1,0,0,0,2,6.592162662500728,0.1853546841355047,-0.0354882454284301,181600013,гр.Кубрат,mixed_machine_paper,,43.797197,26.5033285,18/16
municipality,18,18. РАЗГРАД,17,23,1,1,0.043478260869565216,10484,4079,0.3890690576115986,3933,1020,0.2593440122044241,318,136,0.4276729559748428,0.08085430968726164,53.461783439490446,53.461783439490446,1,0,0,0,2,6.838632209695845,0.1681188158474542,0.0493176653815712,181700009,гр.Лозница,mixed_machine_paper,,43.371775,26.6078634,18/17
municipality,18,18. РАЗГРАД,26,71,1,1,0.014084507042253521,51015,18976,0.371969028717044,18349,8032,0.43773502643195816,335,208,0.6208955223880597,0.018257125728922557,52.69835091672641,52.69835091672641,1,0,0,0,2,5.773768265107828,0.1573085101991833,0.0424262688540988,182600004,с.Гецово,mixed_machine_paper,,43.54382,26.4729173,18/26
municipality,17,17. ПЛОВДИВ област,17,42,1,1,0.023809523809523808,26315,13513,0.5135094052821585,13050,7872,0.6032183908045977,251,201,0.8007968127490039,0.019233716475095787,51.71273607748185,51.71273607748185,1,0,1,0,2,6.648678447340683,0.206026836962079,-0.1783106430931822,171700026,с.Динк,mixed_machine_paper,,42.2671275,24.8001254,17/17
municipality,01,01. БЛАГОЕВГРАД,03,144,1,1,0.006944444444444444,102428,36642,0.3577342133010505,35567,15217,0.4278404138667866,337,189,0.5608308605341247,0.009475075210166727,51.35359749739311,51.35359749739311,1,0,1,0,2,5.691036251082813,0.1523845623068045,-0.0307014371244979,010300119,с.Изгрев,mixed_machine_paper,,41.99166584,23.11135054,01/03
municipality,28,28. ТЪРГОВИЩЕ,35,105,1,1,0.009523809523809525,56795,24217,0.4263931684127124,23266,9295,0.39951001461359925,221,126,0.5701357466063348,0.009498839508295366,51.01785714285714,51.01785714285714,1,0,2,0,2,7.248304689318062,0.2308500323206205,0.1231114803532417,283500045,гр.Търговище,mixed_machine_paper,,43.2567931,26.5310588,28/35
municipality,31,31. ЯМБОЛ,22,30,1,1,0.03333333333333333,9548,4772,0.4997905320485966,4512,2698,0.5979609929078015,283,215,0.7597173144876325,0.06272163120567376,51.00738437621453,51.00738437621453,1,0,1,0,3,6.142245490139457,0.180238107336447,0.0764035494409522,312200005,гр.Стралджа,mixed_machine_paper,,42.59621798,26.69626236,31/22
municipality,10,10. КЮСТЕНДИЛ,41,10,1,1,0.1,6095,3703,0.6075471698113207,3584,1843,0.5142299107142857,350,226,0.6457142857142857,0.09765625,50.72766884531589,50.72766884531589,1,0,0,0,2,5.423022476412294,0.1449361967009025,-0.02108758102738,104100002,с.Сапарево,mixed_machine_paper,,42.3011683,23.2944706,10/41
municipality,21,21. СЛИВЕН,20,186,1,1,0.005376344086021506,108018,45090,0.41743042826195637,43339,22769,0.5253697593391633,186,149,0.8010752688172043,0.004291746463923949,50.53436756879175,50.53436756879175,1,0,0,0,3,7.423550556396752,0.2716901482193105,-0.2039060224934946,212000168,с.Крушаре,mixed_machine_paper,,42.5645985,26.3729052,21/20
municipality,04,04. ВЕЛИКО ТЪРНОВО,31,24,1,1,0.041666666666666664,10775,4379,0.40640371229698374,4175,2298,0.5504191616766467,250,187,0.748,0.059880239520958084,50.09880239520959,50.09880239520959,1,0,0,0,2,6.365971966526359,0.2003952095808383,0.0035424493600238,043100014,с.Камен,mixed_machine_paper,,43.3129913,25.92412,04/31
municipality,13,13. ПАЗАРДЖИК,29,30,1,1,0.03333333333333333,21020,10114,0.48116079923882016,9663,4931,0.5102970092103901,365,233,0.6383561643835617,0.037772948359722655,48.7490187527257,48.7490187527257,0,0,0,0,2,5.103515425578186,0.1335589554869197,0.1245901639344262,132900009,с.Бошуля,mixed_machine_paper,,42.2450889,24.1883178,13/29
municipality,03,03. ВАРНА,08,13,1,1,0.07692307692307693,4403,2139,0.4858051328639564,2043,816,0.39941262848751835,226,127,0.5619469026548672,0.11062163485070974,44.53105590062111,44.53105590062111,0,0,0,0,2,6.153172008208674,0.1970400703567306,0.1312980373295184,030800013,с.Ветрино,mixed_machine_paper,,43.31522,27.4297605,03/08
municipality,28,28. ТЪРГОВИЩЕ,24,51,1,1,0.0196078431372549,24197,9558,0.39500764557589785,9193,5461,0.5940389426737736,220,168,0.7636363636363637,0.023931252039595344,42.60000000000001,42.60000000000001,0,0,2,0,2,5.801317078790842,0.1936363636363637,0.0938322624472812,282400044,с.Паламарца,paper_only,,43.389639,26.1619613,28/24
municipality,19,19. РУСЕ,27,216,1,1,0.004629629629629629,141114,65033,0.4608543447142027,62772,31239,0.4976581915503728,299,193,0.6454849498327759,0.004763270247881221,42.22585227272728,42.22585227272728,0,0,4,0,2,4.884145564633084,0.1412235861964123,0.0736316939891748,192700199,с.Сандрово,mixed_machine_paper,,43.93488,26.111083,19/27
municipality,15,15. ПЛЕВЕН,24,168,1,1,0.005952380952380952,114436,56381,0.49268586808347026,54650,27810,0.5088746569075938,307,185,0.6026058631921825,0.0056175663311985365,42.05337296459032,42.05337296459032,0,0,1,0,2,4.811610728037206,0.136981670894431,0.4583071681745351,152400212,с.Коиловци,mixed_machine_paper,,43.48498339,24.76521134,15/24
municipality,08,08. ДОБРИЧ,20,17,1,1,0.058823529411764705,5181,1594,0.3076626133950975,1518,428,0.28194993412384717,221,101,0.45701357466063347,0.14558629776021081,41.80357142857143,41.80357142857143,0,0,0,0,2,6.349912179625795,0.1891564318034905,0.0951863916033297,082000001,с.Крушари,mixed_machine_paper,,43.816459,27.7507815,08/20
municipality,22,22. СМОЛЯН,09,24,1,1,0.041666666666666664,10034,5009,0.49920271078333667,4805,2459,0.5117585848074921,286,187,0.6538461538461539,0.0595213319458897,41.28221817235095,41.28221817235095,0,0,0,0,2,4.883019439824372,0.1443434201830452,0.0920400783305501,220900017,с.Лясково,mixed_machine_paper,,41.7842777,24.4953824,22/09
municipality,17,17. ПЛОВДИВ област,39,10,1,1,0.1,7165,2838,0.3960921144452198,2730,1877,0.6875457875457875,180,161,0.8944444444444445,0.06593406593406594,39.87058823529411,39.87058823529411,0,0,0,0,2,6.334537389881756,0.2215032679738562,-0.2240348399246703,173900004,гр.Кричим,mixed_machine_paper,,42.0405743,24.4688598,17/39
municipality,26,26. СОФИЯ област,39,66,1,1,0.015151515151515152,30353,15881,0.5232102263367706,15240,7021,0.46069553805774277,322,183,0.5683229813664596,0.021128608923884514,37.81865524823516,37.81865524823516,0,0,4,0,2,4.23559638516889,0.1174492399013514,0.0831716615482367,263900055,с.Говедарци,mixed_machine_paper,,42.2630495,23.4731211,26/39
municipality,01,01. БЛАГОЕВГРАД,52,19,1,1,0.05263157894736842,8377,4331,0.517010863077474,4160,1839,0.4420673076923077,95,61,0.6421052631578947,0.02283653846153846,37.25,37.25,0,0,0,0,2,8.825998278610475,0.3921052631578947,0.0819462227912932,015200005,с.Петрелик,paper_only,,41.485764,23.863835,01/52
municipality,15,15. ПЛЕВЕН,23,11,1,1,0.09090909090909091,5658,2207,0.39006716154118065,2103,1302,0.6191155492154066,177,142,0.8022598870056498,0.08416547788873038,35.837381203801485,35.837381203801485,0,0,0,0,3,5.498013973740133,0.202471080247466,0.1132305194805194,152300009,с.Староселци,mixed_machine_paper,,43.5381466,24.27873909,15/23
municipality,10,10. КЮСТЕНДИЛ,29,113,1,1,0.008849557522123894,65250,24233,0.37138697318007663,23390,11182,0.47806755023514325,315,186,0.5904761904761905,0.013467293715262932,35.70613763174208,35.70613763174208,0,0,0,0,2,4.027843958264206,0.1133528178785463,0.0846646081062421,102900106,с.Лозно,mixed_machine_paper,,42.29316791,22.65217781,10/29
municipality,02,02. БУРГАС,27,9,1,1,0.1111111111111111,5306,3011,0.5674707877874104,2906,1400,0.4817618719889883,282,167,0.5921985815602837,0.09704060564349622,33.73370429252782,33.73370429252782,0,0,0,0,2,4.02368271600959,0.1196230648671199,0.0783357147183656,022700006,с.Ясна поляна,mixed_machine_paper,,42.28171831,27.61362076,02/27
municipality,03,03. ВАРНА,04,14,1,1,0.07142857142857142,8776,4112,0.46855059252506837,3971,2370,0.5968269957189625,226,163,0.7212389380530974,0.056912616469403175,29.813885180240337,29.813885180240337,0,0,0,0,2,4.031223181110598,0.1319198459302669,-0.206308396658902,030400001,гр.Белослав,mixed_machine_paper,,43.184512,27.7042324,03/04
municipality,29,29. ХАСКОВО,18,15,2,1,0.06666666666666667,3329,1303,0.3914088314809252,1266,209,0.165086887835703,102,39,0.38235294117647056,0.08056872037914692,27.24782608695652,81.06907225651729,1,1,0,0,2,8.44995634129536,0.2671355498721227,0.2674999811977768,291800002,с.Бориславци,paper_only,,41.6592187,25.9254551,29/18
municipality,03,03. ВАРНА,26,14,1,1,0.07142857142857142,6696,3143,0.4693847072879331,3019,1277,0.42298774428618746,279,143,0.5125448028673835,0.09241470685657502,24.507381889763774,24.507381889763774,0,0,0,0,2,2.968286841368915,0.0878400784579346,0.1235911524373063,032600007,с.Чернево,mixed_machine_paper,,43.2905966,27.6000457,03/26
municipality,19,19. РУСЕ,03,10,1,1,0.1,4691,1927,0.4107866126625453,1836,1127,0.6138344226579521,281,196,0.697508896797153,0.15305010893246188,24.41063829787234,24.41063829787234,0,0,1,1,2,2.9864643881157407,0.0868705989248125,0.1355677357529781,190300002,гр.Борово,mixed_machine_paper,signed_voters_ballots_found_mismatch,43.4877548,25.8100681,19/03
municipality,30,30. ШУМЕН,19,16,1,1,0.0625,6762,2900,0.42886719905353443,2755,1538,0.5582577132486388,203,140,0.6896551724137931,0.07368421052631578,23.082278481012665,23.082278481012665,0,0,0,0,2,3.2781562266868227,0.1137058053251856,0.1400584795321637,301900010,гр.Плиска,mixed_machine_paper,,43.3628668,27.1226083,30/19
municipality,12,12. МОНТАНА,12,17,1,1,0.058823529411764705,6117,3212,0.5250940003269576,3113,1529,0.4911660777385159,114,70,0.6140350877192983,0.03662062319306136,21.29365079365079,21.29365079365079,0,0,0,0,2,4.031570772397944,0.186786410470621,0.1773745789919711,121200017,гр.Вършец,paper_only,,43.187658,23.283217,12/12
municipality,04,04. ВЕЛИКО ТЪРНОВО,26,23,1,1,0.043478260869565216,11026,4940,0.44803192454199164,4742,2819,0.5944749051033319,114,86,0.7543859649122807,0.024040489245044285,20.429594272076372,20.429594272076372,0,0,0,0,2,3.8708185761009424,0.1792069672989156,0.1785893304690297,042600015,с.Стефан Стамболово,paper_only,,43.2750152,25.55955,04/26
municipality,09,09. КЪРДЖАЛИ,35,41,1,1,0.024390243902439025,13306,4975,0.3738914775289343,4769,696,0.1459425456070455,65,26,0.4,0.013629691759278674,19.62324814509481,19.62324814509481,0,1,0,0,2,8.182629298827054,0.3018961253091509,0.366986120290813,093500016,с.Пчеларово,paper_only,,41.7866978,25.3641815,09/35
municipality,15,15. ПЛЕВЕН,27,10,1,1,0.1,4539,2086,0.4595725930821767,1998,1102,0.5515515515515516,226,140,0.6194690265486725,0.11311311311311312,18.601812688821752,18.601812688821752,0,0,0,0,2,2.481611426470352,0.082308905702751,0.0880746237889094,152700006,с.Згалево,mixed_machine_paper,,43.3768053,24.79888916,15/27
municipality,01,01. БЛАГОЕВГРАД,40,70,1,1,0.014285714285714285,34566,17985,0.5203089741364346,17465,9680,0.5542513598625823,223,143,0.6412556053811659,0.01276839393071858,18.597494305239195,18.597494305239195,0,0,0,0,2,2.507606361120019,0.083396835449503,0.1750059100803127,014000035,с.Лебница,mixed_machine_paper,,41.5219227,23.2421625,01/40
municipality,18,18. РАЗГРАД,29,18,1,1,0.05555555555555555,9275,3400,0.3665768194070081,3267,2402,0.7352310988674625,81,77,0.9506172839506173,0.024793388429752067,17.88983050847458,17.88983050847458,0,1,0,0,4,4.476065506032834,0.2208621050428959,0.6216727374614739,182900017,с.Самуил,paper_only,,,,18/29
municipality,29,29. ХАСКОВО,28,43,1,1,0.023255813953488372,18446,10831,0.5871733709205248,10458,5857,0.5600497227003252,114,58,0.5087719298245614,0.010900745840504877,15.814977973568284,15.814977973568284,0,0,1,0,2,3.067851694097545,0.1387278769611253,0.1722519002509305,292800031,с.Мезек,paper_only,,41.7382583,26.0881214,29/28
municipality,06,06. ВРАЦА,35,12,1,1,0.08333333333333333,3378,1860,0.5506216696269982,1794,874,0.48717948717948717,201,115,0.572139303482587,0.11204013377926421,15.521501172791233,15.521501172791233,0,0,0,0,2,2.189717674390008,0.0772213988696081,0.0787765502621653,063500007,с.Манастирище,mixed_machine_paper,,43.57250948,23.64835024,06/35
