group_level,region_id,admin_name,municipality_code,place_name,station_count,broad_matched_lead_stations,strong_matched_lead_stations,strong_lead_station_rate,registered_voters,voters_signed,turnout,valid_candidate_votes,progressive_bulgaria_votes,progressive_bulgaria_share,strong_lead_valid_candidate_votes,strong_lead_progressive_bulgaria_votes,strong_lead_progressive_bulgaria_share,strong_lead_valid_vote_share_of_group,strong_lead_pb_votes_minus_control_expectation,broad_lead_pb_votes_minus_control_expectation,matched_positive_residual_stations,matched_relative_high_turnout_high_share_stations,validation_issue_stations,strong_lead_validation_issue_stations,max_matched_control_score,max_pb_control_z,max_pb_share_minus_control,max_turnout_minus_control,strong_lead_sections,strong_lead_places,voting_modes_in_strong_leads,validation_issue_types,strong_lead_centroid_latitude,strong_lead_centroid_longitude,group_label
settlement,24,24. СОФИЯ 24 МИР,46,гр.София,465,15,9,0.01935483870967742,416549,172326,0.4136992286621742,167057,56904,0.3406262533147369,3399,1743,0.5127978817299206,0.02034634885099098,562.6459020537634,932.2423517920183,14,0,4,1,4,8.15871262161706,0.2262123841071209,0.0954406574089258,244614074; 244606072; 244614058; 244605044; 244614072; 244614060; 244614016; 244614027; 244605066,гр.София,mixed_machine_paper; paper_only,signed_voters_ballots_found_mismatch,42.673475556666666,23.38258253777778,24/46 гр.София
settlement,23,23. СОФИЯ 23 МИР,46,гр.София,577,12,9,0.01559792027729636,401351,239577,0.5969263811476737,232874,74248,0.31883336052972855,4264,1932,0.4530956848030019,0.018310330908559994,553.5427321709428,746.1619785359749,10,0,2,0,3,10.600733887142082,0.2380215854931611,0.174522845575477,234615002; 234615001; 234616001; 234616009; 234615084; 234615078; 234615115; 234616015; 234608048,гр.София,mixed_machine_paper; paper_only,,42.64967054555556,23.365815826666665,23/46 гр.София
settlement,09,09. КЪРДЖАЛИ,16,гр.Кърджали,80,11,9,0.1125,52430,17408,0.332023650581728,16633,6710,0.4034148980941502,2204,1062,0.48185117967332125,0.13250766548427825,482.1537126160555,591.311969335371,7,2,4,0,4,11.189705288410725,0.319211574048113,0.4626786443153393,091600037; 091600013; 091600043; 091600018; 091600017; 091600038; 091600026; 091600056; 091600160,гр.Кърджали,mixed_machine_paper; paper_only,,41.63393846444445,25.372419301111112,09/16 гр.Кърджали
settlement,16,16. ПЛОВДИВ град,22,гр.Пловдив,482,8,7,0.014522821576763486,309183,158118,0.51140586642862,152802,70711,0.46276226750958754,2599,1555,0.5983070411696807,0.017008939673564483,340.10540366144,392.58361783756766,5,0,1,0,3,6.433267148056801,0.2002889414236932,0.1862269766639347,162202059; 162203039; 162203044; 162202056; 162206056; 162202055; 162205099,гр.Пловдив,mixed_machine_paper; paper_only,,42.135042704285716,24.746673924285716,16/22 гр.Пловдив
settlement,23,23. СОФИЯ 23 МИР,46,с.Казичене,5,5,5,1.0,3723,1910,0.513027128659683,1841,962,0.5225420966865834,1841,962,0.5225420966865834,1.0,360.4425799050503,360.4425799050503,5,0,0,0,3,10.674945273985896,0.2448155901266546,-0.0494035945101775,234623003; 234623005; 234623007; 234623006; 234623004,с.Казичене,mixed_machine_paper,,42.65667109,23.46264482,23/46 с.Казичене
settlement,29,29. ХАСКОВО,34,гр.Хасково,116,5,4,0.034482758620689655,72052,34605,0.4802781324598901,33618,17703,0.5265928966625022,1638,1063,0.648962148962149,0.048723897911832945,246.4968944164652,297.7437633282381,5,0,1,0,3,7.081799386742237,0.1840825766605616,0.1743916419177127,293400051; 293400008; 293400076; 293400052,гр.Хасково,mixed_machine_paper,,41.93940438,25.555899895,29/34 гр.Хасково
settlement,08,08. ДОБРИЧ,27,гр.Тервел,8,6,3,0.375,6572,2101,0.3196895922093731,2043,1130,0.5531081742535487,886,540,0.6094808126410836,0.4336759667156143,197.60833784608826,378.5496738678761,6,3,0,0,3,8.481248700170237,0.2314195047750131,0.2448534336115914,082700003; 082700006; 082700002,гр.Тервел,mixed_machine_paper,,43.74586486666667,27.4084964,08/27 гр.Тервел
settlement,24,24. СОФИЯ 24 МИР,46,"гр. София,Кв. Ботунец",6,3,3,0.5,5142,1391,0.2705173084402956,1313,784,0.597105864432597,727,440,0.6052269601100413,0.5536938309215537,195.7519787987576,195.7519787987576,3,0,0,0,2,9.623745405462325,0.3013364277979803,-0.2301493947427397,244622012; 244622013; 244622011,"гр. София,Кв. Ботунец",mixed_machine_paper,,42.74073245,23.509626390000005,"24/46 гр. София,Кв. Ботунец"
settlement,03,03. ВАРНА,06,гр.Варна,402,3,3,0.007462686567164179,296983,153254,0.5160362714364122,148852,66083,0.4439510386155376,1589,875,0.5506607929515418,0.010675032918603713,183.91531897252895,183.91531897252895,3,0,18,0,3,5.6715142187699845,0.1335345136911035,0.0964930521297938,030603193; 030605377; 030605364,гр.Варна,mixed_machine_paper,,43.19462805,27.904250736666665,03/06 гр.Варна
settlement,25,25. СОФИЯ 25 МИР,46,гр.София,441,3,3,0.006802721088435374,311796,162251,0.5203755019307496,156401,64839,0.4145689605565182,1109,633,0.5707844905320109,0.00709074750161444,169.1292457229292,169.1292457229292,3,0,2,0,3,6.749131867853617,0.1939357341671128,0.0962091196607931,254620015; 254620038; 254619062,гр.София,mixed_machine_paper,,42.732417733333335,23.269543466666665,25/46 гр.София
settlement,30,30. ШУМЕН,30,гр.Шумен,102,3,3,0.029411764705882353,73583,31238,0.42452740442765313,30229,15979,0.5285983658076682,1132,660,0.5830388692579506,0.037447484203910156,59.611489745563006,59.611489745563006,0,0,6,2,2,4.421126904852535,0.1043550206149352,0.5384144430077191,303000032; 303000063; 303000079,гр.Шумен,mixed_machine_paper,protocol_machine_arithmetic_mismatch; signed_voters_ballots_found_mismatch,43.26478430333333,26.930657103333335,30/30 гр.Шумен
settlement,09,09. КЪРДЖАЛИ,14,с.Чакаларово,2,2,2,1.0,1072,569,0.5307835820895522,545,393,0.7211009174311926,545,393,0.7211009174311926,1.0,204.87925353947435,204.87925353947435,2,2,0,0,5,15.55028494703145,0.3997807007429886,0.2989792827082197,091400012; 091400011,с.Чакаларово,mixed_machine_paper,,41.2965165,25.3049479,09/14 с.Чакаларово
settlement,18,18. РАЗГРАД,14,гр.Исперих,11,5,2,0.18181818181818182,9059,3424,0.37796666298708465,3298,1290,0.391146149181322,772,365,0.4727979274611399,0.2340812613705276,175.3662449817026,363.88820331950393,5,0,0,0,3,11.137339928072786,0.2310855541873312,0.091274521342467,181400013; 181400008,гр.Исперих,mixed_machine_paper,,43.71145705,26.8319093,18/14 гр.Исперих
settlement,24,24. СОФИЯ 24 МИР,46,"гр. София,Кв. Враждебна",5,4,2,0.4,3850,2072,0.5381818181818182,1973,1034,0.5240750126710593,826,459,0.5556900726392252,0.4186517992904207,166.60189774219512,288.00314861042034,4,0,0,0,2,9.052473003151087,0.2113648442198665,-0.0009399671614338,244622001; 244622002,"гр. София,Кв. Враждебна",mixed_machine_paper,,42.7113343,23.4147481,"24/46 гр. София,Кв. Враждебна"
settlement,20,20. СИЛИСТРА,10,гр.Дулово,10,3,2,0.2,6394,2557,0.3999061620269002,2460,1161,0.4719512195121951,673,379,0.563150074294205,0.2735772357723577,160.34407160078575,219.38338872442776,3,0,0,0,3,10.739916579898818,0.2664064790754578,0.0899133708951407,201000404; 201000403,гр.Дулово,mixed_machine_paper,,43.82379175,27.1413023,20/10 гр.Дулово
settlement,09,09. КЪРДЖАЛИ,15,гр.Крумовград,14,3,2,0.14285714285714285,6939,2333,0.33621559302493154,2250,902,0.4008888888888889,586,312,0.5324232081911263,0.2604444444444444,158.56168996987662,246.78334731608913,3,0,1,0,3,12.287563680593346,0.3132844462279698,0.1428760718350932,091500003; 091500004,гр.Крумовград,mixed_machine_paper,,41.4767848,25.6533615,09/15 гр.Крумовград
settlement,17,17. ПЛОВДИВ област,25,с.Чалъкови,2,2,2,1.0,1560,648,0.4153846153846154,620,485,0.782258064516129,620,485,0.782258064516129,1.0,136.22683677536875,136.22683677536875,2,0,0,0,2,7.909280667897139,0.2470397341198374,-0.0264604290630819,172500027; 172500028,с.Чалъкови,mixed_machine_paper,,42.1609618,25.0127468,17/25 с.Чалъкови
settlement,02,02. БУРГАС,04,с.Равнец,2,2,2,1.0,1278,474,0.37089201877934275,453,354,0.7814569536423841,453,354,0.7814569536423841,1.0,135.8665157383364,135.8665157383364,2,0,0,0,2,9.29600407087942,0.3227775984461605,-0.1556331381356512,020400326; 020400327,с.Равнец,mixed_machine_paper,,42.512332,27.240227,02/04 с.Равнец
settlement,09,09. КЪРДЖАЛИ,21,гр.Момчилград,19,2,2,0.10526315789473684,15851,4304,0.2715286101823229,4123,1053,0.2553965559058938,653,258,0.39509954058192953,0.15837982051903954,124.67433283372152,124.67433283372152,2,0,2,0,2,9.272241405967373,0.2178718065931497,0.0501450697168177,092100009; 092100001,гр.Момчилград,mixed_machine_paper,,41.528905800000004,25.40948205,09/21 гр.Момчилград
settlement,24,24. СОФИЯ 24 МИР,46,гр.Бухово,4,2,2,0.5,2165,984,0.45450346420323323,945,538,0.5693121693121693,461,276,0.5986984815618221,0.48783068783068784,124.51893368804173,124.51893368804173,2,0,0,0,2,8.739913121243244,0.2790762889825092,-0.0523957083383386,244622023; 244622022,гр.Бухово,mixed_machine_paper,,42.7588201,23.5566314,24/46 гр.Бухово
settlement,23,23. СОФИЯ 23 МИР,46,"гр. София,Кв. Горубляне",7,2,2,0.2857142857142857,5531,3001,0.542578195624661,2897,1231,0.4249223334483949,863,396,0.45886442641946695,0.29789437348981707,121.9736257654756,121.9736257654756,2,0,0,0,2,6.657078919493979,0.1502348847913789,-0.038710215808838,234615122; 234615124,"гр. София,Кв. Горубляне",mixed_machine_paper,,42.630743,23.4096783,"23/46 гр. София,Кв. Горубляне"
settlement,15,15. ПЛЕВЕН,37,гр.Червен бряг,19,2,2,0.10526315789473684,11384,5315,0.46688334504567813,5152,2876,0.5582298136645962,717,489,0.6820083682008368,0.1391692546583851,119.91672828678159,119.91672828678159,2,0,0,0,2,7.431959854486274,0.200568535432541,0.0766818334370477,153700034; 153700028,гр.Червен бряг,mixed_machine_paper,,43.278074425,24.089828935,15/37 гр.Червен бряг
settlement,25,25. СОФИЯ 25 МИР,46,гр.Нови Искър,16,2,2,0.125,11190,5734,0.5124218051831992,5514,2817,0.5108813928182807,612,369,0.6029411764705882,0.11099020674646355,118.78069179924968,118.78069179924968,2,0,0,0,3,8.326334585857436,0.2482742143223963,0.0001113714935381,254621023; 254621011,гр.Нови Искър,mixed_machine_paper,,42.803608100000005,23.35885355,25/46 гр.Нови Искър
settlement,13,13. ПАЗАРДЖИК,08,гр.Велинград,27,4,2,0.07407407407407407,20377,9232,0.4530598223487265,8878,4946,0.5571074566343771,483,324,0.6708074534161491,0.054404145077720206,105.74238476741382,180.81074882121501,2,2,1,0,3,7.994152060082914,0.303502665254166,0.3296130952380952,130800029; 130800003,гр.Велинград,mixed_machine_paper; paper_only,,42.02543645,23.9941739,13/08 гр.Велинград
settlement,20,20. СИЛИСТРА,31,с.Калипетрово,6,2,2,0.3333333333333333,3309,1492,0.4508915080084618,1435,899,0.6264808362369338,605,408,0.6743801652892562,0.42160278745644597,71.67460651839093,71.67460651839093,0,0,0,0,2,4.281811890528234,0.1303941672362725,0.0923390558855568,203100178; 203100179,с.Калипетрово,mixed_machine_paper,,44.082928905,27.248575455,20/31 с.Калипетрово
settlement,29,29. ХАСКОВО,19,с.Минерални бани,4,2,1,0.25,1138,716,0.6291739894551845,698,375,0.5372492836676218,311,213,0.684887459807074,0.4455587392550143,166.17768437141766,271.4885259180439,2,0,0,0,3,26.34986465361804,0.5343333902617932,0.1114299754299754,291900002,с.Минерални бани,mixed_machine_paper,,41.934466,25.3500289,29/19 с.Минерални бани
settlement,09,09. КЪРДЖАЛИ,08,с.Припек,1,1,1,1.0,682,419,0.6143695014662757,407,150,0.36855036855036855,407,150,0.36855036855036855,1.0,129.13395810363838,129.13395810363838,1,1,0,0,3,29.02342300315017,0.3172824523430917,0.3268609676724521,090800030,с.Припек,mixed_machine_paper,,41.46144836,25.18448353,09/08 с.Припек
settlement,27,27. СТАРА ЗАГОРА,37,гр.Гурково,5,2,1,0.2,2441,1237,0.5067595247849243,1174,693,0.590289608177172,411,290,0.7055961070559611,0.35008517887563884,108.815415821501,171.92134520191405,2,0,0,0,2,10.810882232067655,0.2647577027287129,-0.0409004020829213,273700002,гр.Гурково,mixed_machine_paper,,42.6577808,25.7961809,27/37 гр.Гурково
settlement,01,01. БЛАГОЕВГРАД,33,с.Михнево,1,1,1,1.0,865,539,0.623121387283237,526,352,0.6692015209125475,526,352,0.6692015209125475,1.0,105.4011265338966,105.4011265338966,1,1,0,0,4,9.209339940248103,0.2003823698363052,0.2087362098864937,013300056,с.Михнево,mixed_machine_paper,,41.4583292,23.1920759,01/33 с.Михнево
settlement,01,01. БЛАГОЕВГРАД,11,гр.Гоце Делчев,24,4,1,0.041666666666666664,17232,9214,0.534702878365831,8882,3509,0.39506867822562486,557,270,0.48473967684021546,0.0627111011033551,94.83982174388296,250.02059687150003,4,0,0,0,3,8.654859619196987,0.1702689797915313,0.0663117139163821,011100001,гр.Гоце Делчев,mixed_machine_paper,,41.5708122,23.72281,01/11 гр.Гоце Делчев
settlement,01,01. БЛАГОЕВГРАД,13,с.Гърмен,4,1,1,0.25,1628,981,0.6025798525798526,931,332,0.35660580021482274,407,186,0.457002457002457,0.4371643394199785,93.61832515246172,93.61832515246172,1,0,0,0,2,11.07830068952259,0.2300204549200533,-0.0076316786661613,011300002,с.Гърмен,mixed_machine_paper,,41.59659003,23.80778074,01/13 с.Гърмен
settlement,03,03. ВАРНА,06,с.Константиново,1,1,1,1.0,1136,611,0.5378521126760564,591,346,0.5854483925549916,591,346,0.5854483925549916,1.0,89.4182596822244,89.4182596822244,1,0,0,0,2,7.420994146715955,0.1512999317804136,-0.0039793013116983,030600387,с.Константиново,mixed_machine_paper,,43.1627157,27.7771528,03/06 с.Константиново
settlement,17,17. ПЛОВДИВ област,40,гр.Перущица,7,1,1,0.14285714285714285,4099,1942,0.4737740912417663,1851,1165,0.6293895191788222,272,247,0.9080882352941176,0.1469475958941113,89.002567394095,89.002567394095,1,0,0,0,3,10.937162272183988,0.3272153213018198,-0.2293390558782301,174000006,гр.Перущица,mixed_machine_paper,,42.057517,24.5479535,17/40 гр.Перущица
settlement,09,09. КЪРДЖАЛИ,14,с.Бенковски,4,2,1,0.25,4239,985,0.23236612408586932,917,401,0.4372955288985823,304,179,0.5888157894736842,0.33151581243184297,87.3589468027942,139.10121484403132,2,0,0,0,2,10.91852226616118,0.2873649565881387,0.0704280388757716,091400018,с.Бенковски,mixed_machine_paper,,41.37942901,25.2554065,09/14 с.Бенковски
settlement,20,20. СИЛИСТРА,32,с.Ситово,2,1,1,0.5,677,377,0.5568685376661743,360,220,0.6111111111111112,327,214,0.654434250764526,0.9083333333333333,85.20663744520976,85.20663744520976,1,0,0,0,2,9.64365056125981,0.2605707567131797,0.1119123025790597,203200601,с.Ситово,mixed_machine_paper,,44.02766074,27.02106714,20/32 с.Ситово
settlement,09,09. КЪРДЖАЛИ,02,с.Падина,1,1,1,1.0,644,345,0.5357142857142857,334,156,0.46706586826347307,334,156,0.46706586826347307,1.0,85.05537590945836,85.05537590945836,1,1,0,0,5,11.378674260277707,0.2546568141001747,0.3101363287250384,090200028,с.Падина,mixed_machine_paper,,41.5104287,25.0700541,09/02 с.Падина
settlement,22,22. СМОЛЯН,16,с.Средногорци,1,1,1,1.0,739,443,0.5994587280108254,435,301,0.6919540229885057,435,301,0.6919540229885057,1.0,79.6480075901328,79.6480075901328,1,0,0,0,2,7.638857412340822,0.1830988680232937,0.0315980846890754,221600018,с.Средногорци,mixed_machine_paper,,41.5320486,24.9115024,22/16 с.Средногорци
settlement,01,01. БЛАГОЕВГРАД,53,гр.Якоруда,9,1,1,0.1111111111111111,4718,3041,0.6445527766002543,2909,661,0.22722585080783775,353,134,0.37960339943342775,0.12134754211069096,79.1854358974359,79.1854358974359,1,0,0,0,2,11.637011625990043,0.2243213481513764,-0.0344258563787412,015300003,гр.Якоруда,mixed_machine_paper,,42.01776776,23.66940022,01/53 гр.Якоруда
settlement,09,09. КЪРДЖАЛИ,14,с.Дрангово,2,1,1,0.5,800,314,0.3925,298,213,0.714765100671141,199,151,0.7587939698492462,0.6677852348993288,78.98185724516591,78.98185724516591,1,0,0,0,3,11.650970000392878,0.3968937550008337,0.1850807498571948,091400034,с.Дрангово,mixed_machine_paper,,41.33340076,25.24289131,09/14 с.Дрангово
settlement,29,29. ХАСКОВО,33,с.Славяново,1,1,1,1.0,574,300,0.5226480836236934,285,249,0.8736842105263158,285,249,0.8736842105263158,1.0,78.05003762227238,78.05003762227238,1,0,0,0,2,9.43655174161134,0.2738597811307803,0.0074965684721782,293300039,с.Славяново,mixed_machine_paper,,41.80788829999999,25.780337,29/33 с.Славяново
settlement,20,20. СИЛИСТРА,15,с.Кайнарджа,2,1,1,0.5,543,282,0.5193370165745856,271,154,0.5682656826568265,256,149,0.58203125,0.9446494464944649,74.76294591484465,74.76294591484465,1,1,0,0,3,10.297773780806551,0.2920427574798619,0.2268942271746078,201500507,с.Кайнарджа,mixed_machine_paper,,43.9922617,27.5079014,20/15 с.Кайнарджа
settlement,17,17. ПЛОВДИВ област,01,с.Конуш,1,1,1,1.0,507,266,0.52465483234714,261,195,0.7471264367816092,261,195,0.7471264367816092,1.0,74.68824940047962,74.68824940047962,1,0,0,0,2,9.274480619549616,0.286161875097623,0.0242078849975377,170100077,с.Конуш,mixed_machine_paper,,42.0657103,25.03783107,17/01 с.Конуш
settlement,27,27. СТАРА ЗАГОРА,38,гр.Николаево,4,1,1,0.25,2377,1028,0.432477913336138,983,494,0.5025432349949135,337,202,0.599406528189911,0.34282807731434384,74.67684887459806,74.67684887459806,1,0,0,0,2,8.39019403141969,0.2215930233667599,-0.0255413666040543,273800002,гр.Николаево,mixed_machine_paper,,42.6311313,25.7909582,27/38 гр.Николаево
settlement,08,08. ДОБРИЧ,15,с.Дончево,1,1,1,1.0,718,374,0.520891364902507,358,232,0.6480446927374302,358,232,0.6480446927374302,1.0,73.03819827776553,73.03819827776553,1,0,0,0,3,7.769211790267271,0.2040173136250433,0.1932866388015403,081500021,с.Дончево,mixed_machine_paper,,43.5192253,27.7659682,08/15 с.Дончево
settlement,15,15. ПЛЕВЕН,21,с.Въбел,1,1,1,1.0,499,279,0.5591182364729459,272,167,0.6139705882352942,272,167,0.6139705882352942,1.0,72.96396396396396,72.96396396396396,1,0,0,0,2,9.302071642041522,0.2682498675145734,0.0527585042511447,152100006,с.Въбел,mixed_machine_paper,,43.6524471,24.8999419,15/21 с.Въбел
settlement,01,01. БЛАГОЕВГРАД,02,гр.Белица,6,3,1,0.16666666666666666,2872,1734,0.6037604456824512,1617,387,0.23933209647495363,376,113,0.300531914893617,0.23252937538651824,72.87093571605857,186.5946747862074,3,0,0,0,2,12.171175929619402,0.1938056800959005,-0.1931313356148501,010200002,гр.Белица,mixed_machine_paper,,41.94677963,23.55973005,01/02 гр.Белица
settlement,17,17. ПЛОВДИВ област,28,с.Чешнегирово,2,1,1,0.5,1427,632,0.4428871758934828,608,419,0.6891447368421053,354,259,0.731638418079096,0.5822368421052632,71.71327471584817,71.71327471584817,1,0,0,0,2,7.63594156762587,0.2025798720786671,0.0701881664858928,172800004,с.Чешнегирово,mixed_machine_paper,,42.1259975,24.9762944,17/28 с.Чешнегирово
settlement,09,09. КЪРДЖАЛИ,02,с.Жълтуша,1,1,1,1.0,731,310,0.4240766073871409,301,136,0.45182724252491696,301,136,0.45182724252491696,1.0,71.27986348122867,71.27986348122867,1,0,0,0,3,10.00039234675088,0.2368101776785005,0.1984986503978936,090200020,с.Жълтуша,mixed_machine_paper,,41.5320062,25.0481978,09/02 с.Жълтуша
settlement,23,23. СОФИЯ 23 МИР,46,с.Лозен,7,1,1,0.14285714285714285,5126,3037,0.592469761997659,2925,1180,0.40341880341880343,504,237,0.47023809523809523,0.1723076923076923,69.98655048304605,69.98655048304605,1,0,0,0,2,6.622894692212545,0.138862203339377,-0.0079213236410035,234623010,с.Лозен,mixed_machine_paper,,42.60041955,23.47418904,23/46 с.Лозен
settlement,13,13. ПАЗАРДЖИК,24,гр.Ракитово,10,1,1,0.1,6855,2954,0.4309263311451495,2841,1440,0.5068637803590285,298,200,0.6711409395973155,0.10489264343541006,68.19866814650388,68.19866814650388,1,0,0,0,2,7.954453665377833,0.2288545910956506,-0.2692208080509102,132400007,гр.Ракитово,mixed_machine_paper,,41.9890964,24.0801765,13/24 гр.Ракитово
settlement,03,03. ВАРНА,16,гр.Дългопол,9,2,1,0.1111111111111111,3946,1960,0.496705524581855,1884,817,0.43365180467091297,334,174,0.5209580838323353,0.17728237791932058,67.29179030662709,117.35470502768878,2,0,0,0,2,7.896679736708585,0.2014724260677458,0.0836259733461295,031600004,гр.Дългопол,mixed_machine_paper,,43.05397831,27.34351158,03/16 гр.Дългопол
settlement,01,01. БЛАГОЕВГРАД,37,с.Бачево,2,1,1,0.5,1295,852,0.6579150579150579,827,503,0.6082224909310762,416,264,0.6346153846153846,0.5030229746070133,66.85764464825837,66.85764464825837,1,0,0,0,2,6.564881737409339,0.1607154919429287,0.0129812247811034,013700018,с.Бачево,mixed_machine_paper,,41.92254454,23.45256507,01/37 с.Бачево
settlement,17,17. ПЛОВДИВ област,23,с.Виница,1,1,1,1.0,979,316,0.32277834525025534,299,235,0.7859531772575251,299,235,0.7859531772575251,1.0,65.94530851606322,65.94530851606322,1,0,0,0,2,7.693528776176278,0.2205528712911814,-0.1277772341396799,172300039,с.Виница,mixed_machine_paper,,42.1357796,25.136362,17/23 с.Виница
settlement,01,01. БЛАГОЕВГРАД,37,с.Баня,3,1,1,0.3333333333333333,2332,1580,0.6775300171526587,1517,703,0.4634146341463415,475,291,0.6126315789473684,0.3131179960448253,65.85279685966634,65.85279685966634,1,0,0,0,2,6.051257636990155,0.1386374670729817,0.0189941352217024,013700021,с.Баня,mixed_machine_paper,,41.88208299,23.52281213,01/37 с.Баня
settlement,27,27. СТАРА ЗАГОРА,31,гр.Стара Загора,158,1,1,0.006329113924050633,120857,62409,0.5163871352093797,60371,30048,0.4977224163919763,550,341,0.62,0.00911033443209488,64.71578417989798,64.71578417989798,1,0,4,0,2,5.519040797896843,0.117665062145269,0.0624501089883903,273100115,гр.Стара Загора,mixed_machine_paper,,42.41580552,25.61331511,27/31 гр.Стара Загора
settlement,27,27. СТАРА ЗАГОРА,22,гр.Мъглиж,5,2,1,0.2,2712,1265,0.4664454277286136,1191,533,0.4475230898404702,272,166,0.6102941176470589,0.22837951301427373,63.990462833099585,119.53857523730053,2,0,0,0,2,8.01432659666419,0.2352590545334544,0.0097754184554174,272200001,гр.Мъглиж,mixed_machine_paper,,42.60717937,25.54495096,27/22 гр.Мъглиж
settlement,23,23. СОФИЯ 23 МИР,46,с.Долни Пасарел,2,1,1,0.5,1011,571,0.5647873392680515,547,275,0.5027422303473492,304,158,0.5197368421052632,0.5557586837294333,63.66825504878602,63.66825504878602,1,0,0,0,3,7.893406422199231,0.2094350495025856,0.0473946177378533,234623024,с.Долни Пасарел,mixed_machine_paper,,42.5410491,23.5019557,23/46 с.Долни Пасарел
settlement,02,02. БУРГАС,23,гр.Сунгурларе,5,1,1,0.2,2775,1235,0.44504504504504505,1157,521,0.45030250648228176,282,153,0.5425531914893617,0.24373379429559205,63.6354721210423,63.6354721210423,1,0,0,0,2,8.144662848847716,0.2256577025568875,0.0024955139361421,022300003,гр.Сунгурларе,mixed_machine_paper,,42.759712,26.7791684,02/23 гр.Сунгурларе
settlement,19,19. РУСЕ,05,гр.Сеново,3,1,1,0.3333333333333333,1081,514,0.47548566142460685,492,237,0.4817073170731707,174,112,0.6436781609195402,0.35365853658536583,63.49446316803081,63.49446316803081,1,0,0,0,3,10.735012130619058,0.364910707862246,0.1674755587462547,190500017,гр.Сеново,mixed_machine_paper,,43.6582645,26.373607,19/05 гр.Сеново
settlement,01,01. БЛАГОЕВГРАД,44,с.Полето,1,1,1,1.0,555,408,0.7351351351351352,403,146,0.36228287841191065,403,146,0.36228287841191065,1.0,62.94640560240103,62.94640560240103,1,0,0,0,2,7.751854719872801,0.1561945548446675,0.0421990733291373,014400022,с.Полето,mixed_machine_paper,,41.8595948,23.1434227,01/44 с.Полето
settlement,23,23. СОФИЯ 23 МИР,46,с.Кривина,2,1,1,0.5,1138,606,0.5325131810193322,569,260,0.45694200351493847,322,159,0.4937888198757764,0.5659050966608085,62.59316487911288,62.59316487911288,1,0,0,0,2,7.616193433230555,0.1943887108046983,-0.0681022466537988,234623001,с.Кривина,mixed_machine_paper,,42.68092107,23.46752107,23/46 с.Кривина
settlement,03,03. ВАРНА,01,с.Синдел,1,1,1,1.0,880,258,0.29318181818181815,247,167,0.6761133603238867,247,167,0.6761133603238867,1.0,62.3834832379395,62.3834832379395,1,0,0,0,2,8.033192282473006,0.2525647094653421,-0.2448106771277504,030100014,с.Синдел,mixed_machine_paper,,43.1087342,27.6056675,03/01 с.Синдел
settlement,22,22. СМОЛЯН,10,с.Любча,1,1,1,1.0,691,365,0.5282199710564399,354,178,0.5028248587570622,354,178,0.5028248587570622,1.0,61.89423984891407,61.89423984891407,1,0,0,0,2,7.007014532072072,0.1748424854489098,0.0086815776008011,221000012,с.Любча,mixed_machine_paper,,41.6192783,24.0970389,22/10 с.Любча
settlement,18,18. РАЗГРАД,11,гр.Завет,5,1,1,0.2,3047,1082,0.3551033803741385,1046,374,0.3575525812619503,279,133,0.4767025089605735,0.26673040152963673,61.0,61.0,1,0,0,0,2,8.346041035496025,0.2186379928315412,0.0557879047417773,181100005,гр.Завет,mixed_machine_paper,,43.757745,26.677036,18/11 гр.Завет
settlement,27,27. СТАРА ЗАГОРА,07,гр.Гълъбово,11,1,1,0.09090909090909091,6153,3334,0.5418495043068422,3201,1572,0.49109653233364575,442,260,0.5882352941176471,0.13808184942205562,60.525242223355434,60.525242223355434,1,0,0,0,3,5.785291203988662,0.1369349371569127,0.0591258392003088,270700006,гр.Гълъбово,mixed_machine_paper,,42.145155,25.8814558,27/07 гр.Гълъбово
settlement,09,09. КЪРДЖАЛИ,14,с.Кирково,5,1,1,0.2,814,456,0.5601965601965602,444,202,0.45495495495495497,314,172,0.5477707006369427,0.7072072072072072,60.23332090942975,60.23332090942975,1,0,0,0,2,7.0993584102901055,0.1918258627688845,0.2197860113591289,091400001,с.Кирково,mixed_machine_paper,,41.32921958,25.36506057,09/14 с.Кирково
settlement,02,02. БУРГАС,21,с.Равадиново,1,1,1,1.0,607,365,0.6013179571663921,355,245,0.6901408450704225,355,245,0.6901408450704225,1.0,60.050959232613906,60.050959232613906,1,0,0,0,2,6.3799685952004666,0.1691576316411659,0.0478044436528786,022100018,с.Равадиново,mixed_machine_paper,,42.3830151,27.6674815,02/21 с.Равадиново
settlement,02,02. БУРГАС,04,гр.Бургас,330,1,1,0.0030303030303030303,179783,93514,0.5201492910898138,90931,44522,0.4896240006158516,287,203,0.7073170731707317,0.0031562393463175375,59.85632054176071,59.85632054176071,1,0,1,0,2,7.066435557265636,0.208558608159445,-0.0187201150327287,020400144,гр.Бургас,mixed_machine_paper,,42.4571295,27.421387,02/04 гр.Бургас
settlement,25,25. СОФИЯ 25 МИР,46,с.Кътина,1,1,1,1.0,769,476,0.6189856957087126,462,252,0.5454545454545454,462,252,0.5454545454545454,1.0,59.26403842968361,59.26403842968361,1,0,0,0,2,5.591671829132275,0.1282771394581895,0.0724326484272924,254621024,с.Кътина,mixed_machine_paper,,42.84527741,23.31920028,25/46 с.Кътина
settlement,02,02. БУРГАС,18,с.Каравельово,1,1,1,1.0,450,203,0.45111111111111113,186,92,0.4946236559139785,186,92,0.4946236559139785,1.0,58.62378854625551,58.62378854625551,1,0,0,0,2,11.20213286257777,0.315181658850836,0.0014621251516727,021800016,с.Каравельово,mixed_machine_paper,,42.92953092,27.15013504,02/18 с.Каравельово
settlement,30,30. ШУМЕН,21,с.Крива река,1,1,1,1.0,545,262,0.48073394495412847,249,115,0.46184738955823296,249,115,0.46184738955823296,1.0,58.35966653433902,58.35966653433902,1,0,0,0,3,8.822518275993394,0.2343761708206386,0.0694056600585082,302100006,с.Крива река,mixed_machine_paper,,43.5033923,27.1400837,30/21 с.Крива река
settlement,06,06. ВРАЦА,27,с.Оселна,1,1,1,1.0,332,217,0.6536144578313253,210,183,0.8714285714285714,210,183,0.8714285714285714,1.0,57.63535031847134,57.63535031847134,1,0,0,0,4,8.108399548832768,0.2744540491355778,0.1342772297797848,062700034,с.Оселна,mixed_machine_paper,,43.0631068,23.54748,06/27 с.Оселна
settlement,17,17. ПЛОВДИВ област,01,гр.Асеновград,76,1,1,0.013157894736842105,47387,21797,0.45997847510920714,21056,9697,0.46053381458966564,362,220,0.6077348066298343,0.017192249240121582,57.08864729249424,57.08864729249424,1,0,0,0,2,6.031219230587603,0.1577034455593763,0.0237501237501237,170100034,гр.Асеновград,mixed_machine_paper,,42.0068483,24.8820255,17/01 гр.Асеновград
settlement,01,01. БЛАГОЕВГРАД,33,с.Марино поле,1,1,1,1.0,254,149,0.5866141732283464,144,112,0.7777777777777778,144,112,0.7777777777777778,1.0,57.04513064133016,57.04513064133016,1,0,0,0,2,9.785694367846126,0.3961467405647928,0.0025026749705067,013300049,с.Марино поле,paper_only,,41.412524,23.3490558,01/33 с.Марино поле
settlement,15,15. ПЛЕВЕН,39,гр.Кнежа,15,1,1,0.06666666666666667,8684,4314,0.49677567941040995,4131,1919,0.4645364318566933,334,204,0.6107784431137725,0.08085209392398934,57.025995807127885,57.025995807127885,1,0,0,0,2,6.286006997659439,0.1707365143925985,-0.0314693146184859,153900003,гр.Кнежа,mixed_machine_paper,,43.491131,24.0742656,15/39 гр.Кнежа
settlement,13,13. ПАЗАРДЖИК,20,с.Бъта,1,1,1,1.0,818,443,0.5415647921760391,428,285,0.6658878504672897,428,285,0.6658878504672897,1.0,56.87458745874591,56.87458745874591,1,0,0,0,2,5.5102908169495946,0.1328845501372567,0.0426324633197692,132000019,с.Бъта,mixed_machine_paper,,42.4489505,24.1804186,13/20 с.Бъта
settlement,23,23. СОФИЯ 23 МИР,46,с.Кокаляне,2,1,1,0.5,1569,958,0.6105799872530274,917,369,0.40239912758996726,535,232,0.4336448598130841,0.5834242093784079,56.79937130177515,56.79937130177515,1,0,0,0,2,5.232658466500993,0.1061670491621965,0.005793991680134,234623021,с.Кокаляне,mixed_machine_paper,,42.57674651,23.41382325,23/46 с.Кокаляне
settlement,06,06. ВРАЦА,08,гр.Бяла Слатина,24,1,1,0.041666666666666664,10037,5557,0.5536514894888911,5411,2522,0.4660875993346886,271,172,0.6346863468634686,0.05008316392533728,56.48933570317707,56.48933570317707,1,0,0,0,2,6.938886252098518,0.2084477332220555,-0.0781604706226963,060800013,гр.Бяла Слатина,mixed_machine_paper,,43.4713955,23.9341179,06/08 гр.Бяла Слатина
settlement,27,27. СТАРА ЗАГОРА,12,с.Горно Черковище,1,1,1,1.0,1011,426,0.42136498516320475,415,260,0.6265060240963856,415,260,0.6265060240963856,1.0,56.179421371908546,56.179421371908546,1,0,0,0,2,5.516345984918495,0.1353720996913459,-0.0951261284336136,271200085,с.Горно Черковище,mixed_machine_paper,,42.571308,25.3137774,27/12 с.Горно Черковище
settlement,01,01. БЛАГОЕВГРАД,42,с.Долен,1,1,1,1.0,301,177,0.5880398671096345,173,96,0.5549132947976878,173,96,0.5549132947976878,1.0,55.003361344537815,55.003361344537815,1,0,0,0,2,9.834350035830532,0.3179385048817214,-0.3816571025873351,014200008,с.Долен,paper_only,,41.62363935,23.93350124,01/42 с.Долен
settlement,17,17. ПЛОВДИВ област,12,с.Ръжево Конаре,2,1,1,0.5,1156,527,0.45588235294117646,509,332,0.6522593320235757,271,194,0.7158671586715867,0.5324165029469549,54.86375700383368,54.86375700383368,1,0,1,1,2,6.667873176596951,0.2024492878370246,-0.047286948270991,171200009,с.Ръжево Конаре,mixed_machine_paper,signed_voters_ballots_found_mismatch,42.34270310000001,24.8080518,17/12 с.Ръжево Конаре
settlement,17,17. ПЛОВДИВ област,26,с.Ягодово,5,1,1,0.2,2844,1323,0.4651898734177215,1261,772,0.612212529738303,221,170,0.7692307692307693,0.17525773195876287,54.71273050433237,54.71273050433237,1,0,0,0,2,7.367670657344067,0.2475689163091963,-0.1554425453378269,172600056,с.Ягодово,mixed_machine_paper,,42.1056001,24.8482144,17/26 с.Ягодово
settlement,09,09. КЪРДЖАЛИ,14,с.Долно Къпиново,1,1,1,1.0,240,130,0.5416666666666666,125,97,0.776,125,97,0.776,1.0,54.678491243825775,54.678491243825775,1,0,0,0,3,10.334624146074438,0.4374279299506062,0.0323667711598746,091400016,с.Долно Къпиново,paper_only,,41.2926822,25.2807496,09/14 с.Долно Къпиново
settlement,23,23. СОФИЯ 23 МИР,46,с.Панчарево,3,1,1,0.3333333333333333,2570,1455,0.566147859922179,1403,577,0.4112615823235923,418,186,0.4449760765550239,0.29793300071275836,54.48372224980497,54.48372224980497,1,0,0,0,2,5.738721929136823,0.1303438331335046,-0.0452340322262756,234623019,с.Панчарево,mixed_machine_paper,,42.5959334,23.4096769,23/46 с.Панчарево
settlement,29,29. ХАСКОВО,30,с.Тънково,1,1,1,1.0,162,110,0.6790123456790124,107,76,0.7102803738317757,107,76,0.7102803738317757,1.0,54.45990180032733,54.45990180032733,1,0,0,0,2,13.129969237823008,0.5089710448628723,-0.0660352488669099,293000025,с.Тънково,paper_only,,41.742649,25.772504,29/30 с.Тънково
settlement,17,17. ПЛОВДИВ област,01,с.Боянци,2,1,1,0.5,649,438,0.674884437596302,418,300,0.7177033492822966,191,147,0.7696335078534031,0.4569377990430622,54.395520349631255,54.395520349631255,1,1,0,0,5,7.875464133029992,0.2847933002598494,0.4827894161992592,170100090,с.Боянци,mixed_machine_paper,,42.03934917,24.94563818,17/01 с.Боянци
settlement,06,06. ВРАЦА,10,гр.Враца,91,1,1,0.01098901098901099,52833,26597,0.503416425340223,25892,14919,0.576201143210258,318,238,0.7484276729559748,0.012281785879808434,54.382781763480665,54.382781763480665,1,0,1,0,2,6.173713383965625,0.1710150369920775,0.0189525095865823,061000059,гр.Враца,mixed_machine_paper,,43.2237698,23.5477222,06/10 гр.Враца
settlement,21,21. СЛИВЕН,11,с.Мокрен,1,1,1,1.0,685,296,0.4321167883211679,280,175,0.625,280,175,0.625,1.0,54.325319891430794,54.325319891430794,1,0,0,0,2,6.555877505316715,0.1940189996122528,0.1130361992424459,211100019,с.Мокрен,mixed_machine_paper,,42.7406242,26.6323306,21/11 с.Мокрен
settlement,25,25. СОФИЯ 25 МИР,46,с.Доброславци,2,1,1,0.5,941,592,0.6291179596174282,567,312,0.5502645502645502,310,178,0.5741935483870968,0.54673721340388,54.18272680676577,54.18272680676577,1,0,0,0,3,6.283207372501793,0.1747829896992444,0.1088768331396892,254621001,с.Доброславци,mixed_machine_paper,,42.8239153,23.283465,25/46 с.Доброславци
settlement,02,02. БУРГАС,01,гр.Айтос,33,2,1,0.030303030303030304,19091,7298,0.382274370122047,7019,3476,0.4952272403476279,404,219,0.5420792079207921,0.05755805670323408,54.12016412661194,107.78770111529775,2,0,0,0,2,5.478452673117788,0.1339608022935939,0.1498383879550673,020100009,гр.Айтос,mixed_machine_paper,,42.7078825,27.2588355,02/01 гр.Айтос
settlement,01,01. БЛАГОЕВГРАД,28,с.Сливница,1,1,1,1.0,466,275,0.5901287553648069,267,155,0.5805243445692884,267,155,0.5805243445692884,1.0,54.08349802371542,54.08349802371542,1,0,0,0,2,6.826153783466843,0.202559917691818,0.0353461466691547,012800008,с.Сливница,mixed_machine_paper,,41.69266590000001,23.1653164,01/28 с.Сливница
settlement,22,22. СМОЛЯН,11,с.Аламовци,1,1,1,1.0,228,146,0.6403508771929824,141,114,0.8085106382978723,141,114,0.8085106382978723,1.0,54.075,54.075,1,0,0,0,2,9.212098742233202,0.3835106382978723,0.0847953216374268,221100010,с.Аламовци,paper_only,,41.3929137,24.9994495,22/11 с.Аламовци
settlement,26,26. СОФИЯ област,20,гр.Ихтиман,13,5,1,0.07692307692307693,10397,5915,0.5689141098393767,5511,2048,0.3716203955724914,472,235,0.4978813559322034,0.08564688804209762,53.85529297507284,303.04228123749914,5,0,0,0,2,5.097392575678688,0.1141001969810865,0.4266114743817455,262000001,гр.Ихтиман,mixed_machine_paper,,42.4377012,23.8162903,26/20 гр.Ихтиман
settlement,18,18. РАЗГРАД,16,гр.Кубрат,15,1,1,0.06666666666666667,7730,2725,0.352522639068564,2625,1162,0.44266666666666665,290,157,0.5413793103448276,0.11047619047619048,53.752858399296386,53.752858399296386,1,0,0,0,2,6.592162662500728,0.1853546841355047,-0.0354882454284301,181600013,гр.Кубрат,mixed_machine_paper,,43.797197,26.5033285,18/16 гр.Кубрат
settlement,18,18. РАЗГРАД,17,гр.Лозница,5,1,1,0.2,2212,998,0.4511754068716094,960,349,0.36354166666666665,318,136,0.4276729559748428,0.33125,53.461783439490446,53.461783439490446,1,0,0,0,2,6.838632209695845,0.1681188158474542,0.0493176653815712,181700009,гр.Лозница,mixed_machine_paper,,43.371775,26.6078634,18/17 гр.Лозница
settlement,21,21. СЛИВЕН,11,с.Градец,4,1,1,0.25,3491,1080,0.3093669435691779,926,489,0.5280777537796977,268,169,0.6305970149253731,0.2894168466522678,53.454158607350095,53.454158607350095,1,0,0,0,2,6.593288774994821,0.1994558156990675,0.0046857262785525,211100003,с.Градец,mixed_machine_paper,,42.79382349999999,26.5410484,21/11 с.Градец
settlement,09,09. КЪРДЖАЛИ,14,с.Хаджийско,1,1,1,1.0,723,168,0.23236514522821577,168,113,0.6726190476190477,168,113,0.6726190476190477,1.0,53.08602150537635,53.08602150537635,1,0,0,0,2,8.550390985307967,0.3159882232462878,-0.0271998758610329,091400040,с.Хаджийско,mixed_machine_paper,,41.39916806,25.34260511,09/14 с.Хаджийско
settlement,21,21. СЛИВЕН,11,гр.Котел,6,1,1,0.16666666666666666,4649,1665,0.3581415358141536,1570,840,0.535031847133758,255,163,0.6392156862745098,0.1624203821656051,53.03955238278989,53.03955238278989,1,0,0,0,2,6.7066935971536985,0.2079982446383916,0.0751792296523958,211100011,гр.Котел,mixed_machine_paper,,42.8887014,26.4427819,21/11 гр.Котел
settlement,13,13. ПАЗАРДЖИК,19,с.Братаница,2,1,1,0.5,1759,664,0.37748720864127344,633,400,0.631911532385466,356,243,0.6825842696629213,0.5624012638230648,52.98240593534712,52.98240593534712,1,0,0,0,2,5.628967479077246,0.1488269829644581,0.0242527150661001,131900155,с.Братаница,mixed_machine_paper,,42.16617484,24.2147094,13/19 с.Братаница
settlement,18,18. РАЗГРАД,26,с.Гецово,2,1,1,0.5,1484,745,0.5020215633423181,720,424,0.5888888888888889,335,208,0.6208955223880597,0.4652777777777778,52.69835091672641,52.69835091672641,1,0,0,0,2,5.773768265107828,0.1573085101991833,0.0424262688540988,182600004,с.Гецово,mixed_machine_paper,,43.54382,26.4729173,18/26 с.Гецово
settlement,02,02. БУРГАС,18,с.Просеник,2,1,1,0.5,1206,499,0.41376451077943616,469,181,0.3859275053304904,259,105,0.40540540540540543,0.5522388059701493,52.462871927554986,52.462871927554986,1,0,0,0,2,8.106768975887112,0.2025593510716408,0.0182770443226963,021800028,с.Просеник,mixed_machine_paper,,42.798542,27.4508882,02/18 с.Просеник
settlement,17,17. ПЛОВДИВ област,17,с.Динк,1,1,1,1.0,708,260,0.3672316384180791,251,201,0.8007968127490039,251,201,0.8007968127490039,1.0,51.71273607748185,51.71273607748185,1,0,0,0,2,6.648678447340683,0.206026836962079,-0.1783106430931822,171700026,с.Динк,mixed_machine_paper,,42.2671275,24.8001254,17/17 с.Динк
settlement,01,01. БЛАГОЕВГРАД,03,с.Изгрев,1,1,1,1.0,690,343,0.4971014492753623,337,189,0.5608308605341247,337,189,0.5608308605341247,1.0,51.35359749739311,51.35359749739311,1,0,0,0,2,5.691036251082813,0.1523845623068045,-0.0307014371244979,010300119,с.Изгрев,mixed_machine_paper,,41.99166584,23.11135054,01/03 с.Изгрев
settlement,28,28. ТЪРГОВИЩЕ,35,гр.Търговище,49,1,1,0.02040816326530612,35667,15960,0.4474724535284717,15378,7085,0.46072311093770324,221,126,0.5701357466063348,0.014371179607231109,51.01785714285714,51.01785714285714,1,0,1,0,2,7.248304689318062,0.2308500323206205,0.1231114803532417,283500045,гр.Търговище,mixed_machine_paper,,43.2567931,26.5310588,28/35 гр.Търговище
settlement,31,31. ЯМБОЛ,22,гр.Стралджа,8,1,1,0.125,4820,2163,0.4487551867219917,2032,1290,0.6348425196850394,283,215,0.7597173144876325,0.1392716535433071,51.00738437621453,51.00738437621453,1,0,0,0,3,6.142245490139457,0.180238107336447,0.0764035494409522,312200005,гр.Стралджа,mixed_machine_paper,,42.59621798,26.69626236,31/22 гр.Стралджа
settlement,09,09. КЪРДЖАЛИ,14,с.Горно Къпиново,1,1,1,1.0,120,117,0.975,115,90,0.782608695652174,115,90,0.782608695652174,1.0,50.878408582923555,50.878408582923555,1,1,0,0,5,10.014172668695348,0.4424209441993353,0.465700104493208,091400017,с.Горно Къпиново,paper_only,,41.2739388,25.256515,09/14 с.Горно Къпиново
settlement,10,10. КЮСТЕНДИЛ,41,с.Сапарево,2,1,1,0.5,985,588,0.5969543147208122,569,348,0.6115992970123023,350,226,0.6457142857142857,0.6151142355008787,50.72766884531589,50.72766884531589,1,0,0,0,2,5.423022476412294,0.1449361967009025,-0.02108758102738,104100002,с.Сапарево,mixed_machine_paper,,42.3011683,23.2944706,10/41 с.Сапарево
settlement,13,13. ПАЗАРДЖИК,19,с.Черногорово,2,1,1,0.5,1593,650,0.40803515379786565,635,426,0.6708661417322834,289,203,0.7024221453287197,0.45511811023622045,50.57535953978907,50.57535953978907,1,0,0,0,2,5.9590102760283585,0.1750012440823151,-0.144798799390692,131900192,с.Черногорово,mixed_machine_paper,,42.272319,24.4017756,13/19 с.Черногорово
settlement,21,21. СЛИВЕН,20,с.Крушаре,2,1,1,0.5,1603,519,0.3237679351216469,502,361,0.7191235059760956,186,149,0.8010752688172043,0.3705179282868526,50.53436756879175,50.53436756879175,1,0,0,0,3,7.423550556396752,0.2716901482193105,-0.2039060224934946,212000168,с.Крушаре,mixed_machine_paper,,42.5645985,26.3729052,21/20 с.Крушаре
settlement,27,27. СТАРА ЗАГОРА,12,с.Овощник,2,1,1,0.5,1383,792,0.5726681127982647,773,481,0.6222509702457956,395,257,0.6506329113924051,0.5109961190168176,50.18923250990005,50.18923250990005,1,0,0,0,2,5.056210470449922,0.1270613481263293,0.0569195726045986,271200077,с.Овощник,mixed_machine_paper,,42.5770245,25.4485219,27/12 с.Овощник
settlement,04,04. ВЕЛИКО ТЪРНОВО,31,с.Камен,2,1,1,0.5,1256,517,0.41162420382165604,482,342,0.7095435684647303,250,187,0.748,0.5186721991701245,50.09880239520959,50.09880239520959,1,0,0,0,2,6.365971966526359,0.2003952095808383,0.0035424493600238,043100014,с.Камен,mixed_machine_paper,,43.3129913,25.92412,04/31 с.Камен
settlement,13,13. ПАЗАРДЖИК,29,с.Бошуля,1,1,1,1.0,610,386,0.6327868852459017,365,233,0.6383561643835617,365,233,0.6383561643835617,1.0,48.7490187527257,48.7490187527257,0,0,0,0,2,5.103515425578186,0.1335589554869197,0.1245901639344262,132900009,с.Бошуля,mixed_machine_paper,,42.2450889,24.1883178,13/29 с.Бошуля
settlement,25,25. СОФИЯ 25 МИР,46,с.Локорско,1,1,1,1.0,558,388,0.6953405017921147,374,200,0.5347593582887701,374,200,0.5347593582887701,1.0,47.011189118034224,47.011189118034224,0,0,0,0,2,4.944246018528358,0.12569836662576,0.1457327021843151,254621031,с.Локорско,mixed_machine_paper,,42.79531012,23.44736695,25/46 с.Локорско
settlement,03,03. ВАРНА,08,с.Ветрино,2,1,1,0.5,777,435,0.5598455598455598,424,234,0.5518867924528302,226,127,0.5619469026548672,0.5330188679245284,44.53105590062111,44.53105590062111,0,0,0,0,2,6.153172008208674,0.1970400703567306,0.1312980373295184,030800013,с.Ветрино,mixed_machine_paper,,43.31522,27.4297605,03/08 с.Ветрино
settlement,01,01. БЛАГОЕВГРАД,33,с.Кулата,1,1,1,1.0,618,377,0.610032362459547,369,222,0.6016260162601627,369,222,0.6016260162601627,1.0,44.4965789168503,44.4965789168503,0,0,0,0,2,4.636133478709353,0.1205869347340116,0.1384559972718336,013300047,с.Кулата,mixed_machine_paper,,41.38758139999999,23.3632506,01/33 с.Кулата
settlement,09,09. КЪРДЖАЛИ,15,с.Аврен,1,1,1,1.0,261,149,0.5708812260536399,145,70,0.4827586206896552,145,70,0.4827586206896552,1.0,44.46183953033268,44.46183953033268,0,1,0,0,3,9.693085047802017,0.3066333760712599,0.3304999137898131,091500057,с.Аврен,paper_only,,41.3455082,25.7089608,09/15 с.Аврен
settlement,04,04. ВЕЛИКО ТЪРНОВО,04,с.Ресен,4,1,1,0.25,1505,768,0.5102990033222591,738,434,0.5880758807588076,270,171,0.6333333333333333,0.36585365853658536,43.16897856242119,43.16897856242119,0,0,0,0,2,5.261785062097477,0.159885105786745,0.070085617147974,040400102,с.Ресен,mixed_machine_paper,,43.19948236,25.55145264,04/04 с.Ресен
settlement,28,28. ТЪРГОВИЩЕ,24,с.Паламарца,1,1,1,1.0,343,222,0.6472303206997084,220,168,0.7636363636363637,220,168,0.7636363636363637,1.0,42.60000000000001,42.60000000000001,0,0,0,0,2,5.801317078790842,0.1936363636363637,0.0938322624472812,282400044,с.Паламарца,paper_only,,43.389639,26.1619613,28/24 с.Паламарца
settlement,13,13. ПАЗАРДЖИК,19,с.Добровница,2,1,1,0.5,1197,690,0.5764411027568922,665,450,0.6766917293233082,315,215,0.6825396825396826,0.47368421052631576,42.566725978647696,42.566725978647696,0,0,0,0,2,4.818433829828302,0.1351324634242784,0.1387968743364335,131900200,с.Добровница,mixed_machine_paper,,42.2113194,24.37775552,13/19 с.Добровница
settlement,19,19. РУСЕ,27,с.Сандрово,2,1,1,0.5,1088,595,0.546875,578,351,0.6072664359861591,299,193,0.6454849498327759,0.5173010380622838,42.22585227272728,42.22585227272728,0,0,0,0,2,4.884145564633084,0.1412235861964123,0.0736316939891748,192700199,с.Сандрово,mixed_machine_paper,,43.93488,26.111083,19/27 с.Сандрово
settlement,15,15. ПЛЕВЕН,24,с.Коиловци,1,1,1,1.0,328,320,0.975609756097561,307,185,0.6026058631921825,307,185,0.6026058631921825,1.0,42.05337296459032,42.05337296459032,0,0,0,0,2,4.811610728037206,0.136981670894431,0.4583071681745351,152400212,с.Коиловци,mixed_machine_paper,,43.48498339,24.76521134,15/24 с.Коиловци
settlement,08,08. ДОБРИЧ,20,с.Крушари,3,1,1,0.3333333333333333,1088,336,0.3088235294117647,318,138,0.4339622641509434,221,101,0.45701357466063347,0.6949685534591195,41.80357142857143,41.80357142857143,0,0,0,0,2,6.349912179625795,0.1891564318034905,0.0951863916033297,082000001,с.Крушари,mixed_machine_paper,,43.816459,27.7507815,08/20 с.Крушари
settlement,22,22. СМОЛЯН,09,с.Лясково,1,1,1,1.0,517,297,0.574468085106383,286,187,0.6538461538461539,286,187,0.6538461538461539,1.0,41.28221817235095,41.28221817235095,0,0,0,0,2,4.883019439824372,0.1443434201830452,0.0920400783305501,220900017,с.Лясково,mixed_machine_paper,,41.7842777,24.4953824,22/09 с.Лясково
settlement,17,17. ПЛОВДИВ област,39,гр.Кричим,10,1,1,0.1,7165,2838,0.3960921144452198,2730,1877,0.6875457875457875,180,161,0.8944444444444445,0.06593406593406594,39.87058823529411,39.87058823529411,0,0,0,0,2,6.334537389881756,0.2215032679738562,-0.2240348399246703,173900004,гр.Кричим,mixed_machine_paper,,42.0405743,24.4688598,17/39 гр.Кричим
settlement,06,06. ВРАЦА,10,с.Паволче,1,1,1,1.0,524,323,0.6164122137404581,316,217,0.6867088607594937,316,217,0.6867088607594937,1.0,39.26516508830304,39.26516508830304,0,0,0,0,2,4.452544854903297,0.1242568515452627,0.1154945477562522,061000082,с.Паволче,mixed_machine_paper,,43.15772322,23.60101461,06/10 с.Паволче
settlement,26,26. СОФИЯ област,39,с.Говедарци,2,1,1,0.5,963,584,0.6064382139148494,566,296,0.5229681978798587,322,183,0.5683229813664596,0.568904593639576,37.81865524823516,37.81865524823516,0,0,1,0,2,4.23559638516889,0.1174492399013514,0.0831716615482367,263900055,с.Говедарци,mixed_machine_paper,,42.2630495,23.4731211,26/39 с.Говедарци
settlement,01,01. БЛАГОЕВГРАД,52,с.Петрелик,1,1,1,1.0,142,102,0.7183098591549296,95,61,0.6421052631578947,95,61,0.6421052631578947,1.0,37.25,37.25,0,0,0,0,2,8.825998278610475,0.3921052631578947,0.0819462227912932,015200005,с.Петрелик,paper_only,,41.485764,23.863835,01/52 с.Петрелик
settlement,15,15. ПЛЕВЕН,23,с.Староселци,2,1,1,0.5,773,339,0.4385510996119017,325,245,0.7538461538461538,177,142,0.8022598870056498,0.5446153846153846,35.837381203801485,35.837381203801485,0,0,0,0,3,5.498013973740133,0.202471080247466,0.1132305194805194,152300009,с.Староселци,mixed_machine_paper,,43.5381466,24.27873909,15/23 с.Староселци
settlement,10,10. КЮСТЕНДИЛ,29,с.Лозно,1,1,1,1.0,695,333,0.479136690647482,315,186,0.5904761904761905,315,186,0.5904761904761905,1.0,35.70613763174208,35.70613763174208,0,0,0,0,2,4.027843958264206,0.1133528178785463,0.0846646081062421,102900106,с.Лозно,mixed_machine_paper,,42.29316791,22.65217781,10/29 с.Лозно
settlement,02,02. БУРГАС,27,с.Ясна поляна,2,1,1,0.5,478,311,0.6506276150627615,300,172,0.5733333333333334,282,167,0.5921985815602837,0.94,33.73370429252782,33.73370429252782,0,0,0,0,2,4.02368271600959,0.1196230648671199,0.0783357147183656,022700006,с.Ясна поляна,mixed_machine_paper,,42.28171831,27.61362076,02/27 с.Ясна поляна
settlement,03,03. ВАРНА,04,гр.Белослав,10,1,1,0.1,6167,2843,0.46100210799416247,2736,1681,0.6144005847953217,226,163,0.7212389380530974,0.08260233918128655,29.813885180240337,29.813885180240337,0,0,0,0,2,4.031223181110598,0.1319198459302669,-0.206308396658902,030400001,гр.Белослав,mixed_machine_paper,,43.184512,27.7042324,03/04 гр.Белослав
settlement,04,04. ВЕЛИКО ТЪРНОВО,04,гр.Велико Търново,94,1,1,0.010638297872340425,56443,29807,0.5280902857750297,28968,14050,0.48501795084230875,559,303,0.5420393559928444,0.019297155481911073,28.410789408562263,28.410789408562263,0,0,1,0,2,2.403667751101639,0.050824310212097,0.0605297391429158,040400085,гр.Велико Търново,mixed_machine_paper,,43.08283,25.610859,04/04 гр.Велико Търново
settlement,29,29. ХАСКОВО,18,с.Бориславци,1,1,1,1.0,161,105,0.6521739130434783,102,39,0.38235294117647056,102,39,0.38235294117647056,1.0,27.24782608695652,27.24782608695652,0,1,0,0,2,8.44995634129536,0.2671355498721227,0.2674999811977768,291800002,с.Бориславци,paper_only,,41.6592187,25.9254551,29/18 с.Бориславци
settlement,09,09. КЪРДЖАЛИ,14,с.Горно Кирково,1,1,1,1.0,404,249,0.6163366336633663,237,114,0.4810126582278481,237,114,0.4810126582278481,1.0,26.558467741935488,26.558467741935488,0,0,0,0,2,3.5753026037573106,0.1120610453246223,0.3670900996067057,091400002,с.Горно Кирково,mixed_machine_paper,,41.32010763,25.3477335,09/14 с.Горно Кирково
settlement,08,08. ДОБРИЧ,15,с.Козлодуйци,1,1,1,1.0,186,136,0.7311827956989247,129,85,0.6589147286821705,129,85,0.6589147286821705,1.0,26.49180327868852,26.49180327868852,0,1,0,0,3,4.685206205375286,0.2053628161138644,0.403578069597958,081500028,с.Козлодуйци,mixed_machine_paper,,43.63147818,27.74442673,08/15 с.Козлодуйци
settlement,03,03. ВАРНА,26,с.Чернево,2,1,1,0.5,1123,457,0.40694568121104185,437,216,0.494279176201373,279,143,0.5125448028673835,0.6384439359267735,24.507381889763774,24.507381889763774,0,0,0,0,2,2.968286841368915,0.0878400784579346,0.1235911524373063,032600007,с.Чернево,mixed_machine_paper,,43.2905966,27.6000457,03/26 с.Чернево
settlement,19,19. РУСЕ,03,гр.Борово,3,1,1,0.3333333333333333,1805,816,0.4520775623268698,782,510,0.6521739130434783,281,196,0.697508896797153,0.3593350383631714,24.41063829787234,24.41063829787234,0,0,1,1,2,2.9864643881157407,0.0868705989248125,0.1355677357529781,190300002,гр.Борово,mixed_machine_paper,signed_voters_ballots_found_mismatch,43.4877548,25.8100681,19/03 гр.Борово
settlement,30,30. ШУМЕН,19,гр.Плиска,2,1,1,0.5,721,367,0.5090152565880721,354,234,0.6610169491525424,203,140,0.6896551724137931,0.5734463276836158,23.082278481012665,23.082278481012665,0,0,0,0,2,3.2781562266868227,0.1137058053251856,0.1400584795321637,301900010,гр.Плиска,mixed_machine_paper,,43.3628668,27.1226083,30/19 гр.Плиска
settlement,12,12. МОНТАНА,12,гр.Вършец,9,1,1,0.1111111111111111,4938,2434,0.4929121101660591,2357,1206,0.5116673737802291,114,70,0.6140350877192983,0.048366567670767927,21.29365079365079,21.29365079365079,0,0,0,0,2,4.031570772397944,0.186786410470621,0.1773745789919711,121200017,гр.Вършец,paper_only,,43.187658,23.283217,12/12 гр.Вършец
settlement,04,04. ВЕЛИКО ТЪРНОВО,26,с.Стефан Стамболово,1,1,1,1.0,147,116,0.7891156462585034,114,86,0.7543859649122807,114,86,0.7543859649122807,1.0,20.429594272076372,20.429594272076372,0,0,0,0,2,3.8708185761009424,0.1792069672989156,0.1785893304690297,042600015,с.Стефан Стамболово,paper_only,,43.2750152,25.55955,04/26 с.Стефан Стамболово
settlement,09,09. КЪРДЖАЛИ,35,с.Пчеларово,1,1,1,1.0,89,68,0.7640449438202247,65,26,0.4,65,26,0.4,1.0,19.62324814509481,19.62324814509481,0,1,0,0,2,8.182629298827054,0.3018961253091509,0.366986120290813,093500016,с.Пчеларово,paper_only,,41.7866978,25.3641815,09/35 с.Пчеларово
settlement,15,15. ПЛЕВЕН,27,с.Згалево,1,1,1,1.0,441,235,0.5328798185941043,226,140,0.6194690265486725,226,140,0.6194690265486725,1.0,18.601812688821752,18.601812688821752,0,0,0,0,2,2.481611426470352,0.082308905702751,0.0880746237889094,152700006,с.Згалево,mixed_machine_paper,,43.3768053,24.79888916,15/27 с.Згалево
settlement,01,01. БЛАГОЕВГРАД,40,с.Лебница,1,1,1,1.0,329,234,0.7112462006079028,223,143,0.6412556053811659,223,143,0.6412556053811659,1.0,18.597494305239195,18.597494305239195,0,0,0,0,2,2.507606361120019,0.083396835449503,0.1750059100803127,014000035,с.Лебница,mixed_machine_paper,,41.5219227,23.2421625,01/40 с.Лебница
settlement,18,18. РАЗГРАД,29,с.Самуил,3,1,1,0.3333333333333333,2190,772,0.35251141552511417,753,626,0.8313413014608234,81,77,0.9506172839506173,0.10756972111553785,17.88983050847458,17.88983050847458,0,1,0,0,4,4.476065506032834,0.2208621050428959,0.6216727374614739,182900017,с.Самуил,paper_only,,,,18/29 с.Самуил
settlement,17,17. ПЛОВДИВ област,12,с.Главатар,1,1,1,1.0,154,113,0.7337662337662337,110,72,0.6545454545454545,110,72,0.6545454545454545,1.0,17.722627737226283,17.722627737226283,0,0,0,0,2,3.3798642433614474,0.161114797611148,0.1083777437865959,171200011,с.Главатар,paper_only,,42.3328859,24.8700999,17/12 с.Главатар
settlement,29,29. ХАСКОВО,28,с.Мезек,1,1,1,1.0,157,116,0.7388535031847133,114,58,0.5087719298245614,114,58,0.5087719298245614,1.0,15.814977973568284,15.814977973568284,0,0,0,0,2,3.067851694097545,0.1387278769611253,0.1722519002509305,292800031,с.Мезек,paper_only,,41.7382583,26.0881214,29/28 с.Мезек
settlement,06,06. ВРАЦА,35,с.Манастирище,2,1,1,0.5,754,436,0.5782493368700266,431,245,0.568445475638051,201,115,0.572139303482587,0.46635730858468677,15.521501172791233,15.521501172791233,0,0,0,0,2,2.189717674390008,0.0772213988696081,0.0787765502621653,063500007,с.Манастирище,mixed_machine_paper,,43.57250948,23.64835024,06/35 с.Манастирище
settlement,25,25. СОФИЯ 25 МИР,46,гр.Банкя,18,1,1,0.05555555555555555,10289,6161,0.5987948294294878,5935,2184,0.3679865206402696,70,40,0.5714285714285714,0.011794439764111205,11.851851851851857,11.851851851851857,0,0,0,0,2,2.889036178714099,0.1693121693121693,0.211517805502768,254624019,гр.Банкя,paper_only,,42.7097955,23.1539501,25/46 гр.Банкя
settlement,22,22. СМОЛЯН,11,гр.Златоград,9,1,1,0.1111111111111111,5681,3199,0.563105087132547,3098,1901,0.6136216914138154,349,224,0.6418338108882522,0.11265332472562944,-0.9969390157758368,-0.9969390157758368,0,0,0,0,2,-0.111500495771071,-0.0028565587844578,0.4838004425998946,221100008,гр.Златоград,mixed_machine_paper,,41.3806126,25.0969805,22/11 гр.Златоград
