contrast_level,region_id,admin_name,municipality_code,mixed_station_count,paper_station_count,mixed_valid_candidate_votes,paper_valid_candidate_votes,mixed_turnout,paper_turnout,paper_minus_mixed_turnout,mixed_pb_share,paper_pb_share,paper_minus_mixed_pb_share,mixed_strong_lead_rate,paper_strong_lead_rate,paper_minus_mixed_strong_lead_rate,mixed_strong_matched_leads,paper_strong_matched_leads,paper_minus_mixed_pb_votes_above_control_expectation,mixed_validation_issue_stations,paper_validation_issue_stations
municipality,27,27. СТАРА ЗАГОРА,22,15,2,3837,157,0.42571458486022407,0.6072727272727273,0.18155814241250323,0.39171227521501173,0.554140127388535,0.1624278521735233,0.06666666666666667,0.0,-0.06666666666666667,1,0,28.313326521460514,0,0
municipality,01,01. БЛАГОЕВГРАД,49,7,10,1553,678,0.5841549295774648,0.5446906035141329,-0.039464326063331945,0.36381197681905986,0.5,0.13618802318094014,0.0,0.0,0.0,0,0,10.334743671296733,0,0
municipality,15,15. ПЛЕВЕН,23,10,1,2071,32,0.3865979381443299,1.0,0.6134020618556701,0.6170931916948335,0.75,0.13290680830516655,0.1,0.0,-0.1,1,0,4.259786499414348,0,0
municipality,28,28. ТЪРГОВИЩЕ,23,10,2,2545,190,0.503017729158808,0.5722713864306784,0.06925365727187038,0.21925343811394893,0.3263157894736842,0.1070623513597353,0.0,0.0,0.0,0,0,20.995944254560918,0,0
municipality,23,23. СОФИЯ 23 МИР,46,606,30,255413,3573,0.5941735367138639,0.6337887370876375,0.03961520037377364,0.32449013949955563,0.40890008396305627,0.08440994446350064,0.033003300330033,0.03333333333333333,0.00033003300330033264,20,1,-253.87421003965153,2,0
municipality,02,02. БУРГАС,21,16,5,5359,469,0.536073500967118,0.6512549537648613,0.11518145279774328,0.5321888412017167,0.6162046908315565,0.08401584962983977,0.0625,0.0,-0.0625,1,0,36.64721755085826,0,0
municipality,26,26. СОФИЯ област,55,12,2,3190,32,0.529553485383874,0.9696969696969697,0.4401434843130957,0.5134796238244514,0.59375,0.08027037617554855,0.0,0.0,0.0,0,0,1.194832160049172,0,0
municipality,15,15. ПЛЕВЕН,27,8,2,1881,117,0.4505847282733318,0.6797752808988764,0.2291905526255446,0.5470494417862839,0.6239316239316239,0.07688218214534004,0.125,0.0,-0.125,1,0,7.50528114010265,0,0
municipality,30,30. ШУМЕН,21,11,3,2768,126,0.4156660949113779,0.6770833333333334,0.26141723842195547,0.24855491329479767,0.3253968253968254,0.07684191210202773,0.09090909090909091,0.0,-0.09090909090909091,1,0,14.81227404800895,0,0
municipality,11,11. ЛОВЕЧ,17,6,2,1160,188,0.33469721767594107,0.5103092783505154,0.17561206067457436,0.38620689655172413,0.4627659574468085,0.07655906089508435,0.0,0.0,0.0,0,0,11.229807124572519,0,0
municipality,19,19. РУСЕ,05,19,4,4328,379,0.3883955513406328,0.6683848797250859,0.27998932838445306,0.2934380776340111,0.3562005277044855,0.06276245007047443,0.05263157894736842,0.0,-0.05263157894736842,1,0,21.661187198363027,0,0
municipality,29,29. ХАСКОВО,30,21,9,3715,718,0.321995654354003,0.5545522949586155,0.23255664060461245,0.2199192462987887,0.27715877437325903,0.05723952807447033,0.0,0.1111111111111111,0.1111111111111111,0,1,6.370084672957729,1,0
municipality,27,27. СТАРА ЗАГОРА,37,5,6,1627,263,0.4487011283127788,0.6069868995633187,0.15828577125053994,0.49047326367547633,0.5475285171102662,0.05705525343478984,0.2,0.0,-0.2,1,0,18.390512537286504,0,0
municipality,22,22. СМОЛЯН,10,11,2,3531,159,0.5262237762237763,0.6125461254612546,0.08632234923747839,0.34551118663268193,0.4025157232704403,0.05700453663775834,0.09090909090909091,0.0,-0.09090909090909091,1,0,12.498228908783197,0,0
municipality,20,20. СИЛИСТРА,32,8,6,1924,303,0.44290123456790126,0.615686274509804,0.1727850399419027,0.43814968814968813,0.49504950495049505,0.05689981680080691,0.125,0.0,-0.125,1,0,6.523187142566316,0,0
municipality,24,24. СОФИЯ 24 МИР,46,488,14,176574,991,0.4147416893993343,0.6897689768976898,0.2750272874983555,0.35023842694847485,0.4056508577194753,0.05541243077100044,0.030737704918032786,0.07142857142857142,0.04069086651053864,15,1,83.2874414888975,4,0
municipality,27,27. СТАРА ЗАГОРА,24,18,5,5191,386,0.4073767406849831,0.8031809145129225,0.3958041738279394,0.43575418994413406,0.4896373056994819,0.05388311575534782,0.0,0.0,0.0,0,0,23.47896410536479,0,0
municipality,04,04. ВЕЛИКО ТЪРНОВО,14,5,8,1480,384,0.5035783994795056,0.6557911908646004,0.1522127913850948,0.6006756756756757,0.6510416666666666,0.05036599099099093,0.0,0.0,0.0,0,0,10.38926369982639,0,0
municipality,29,29. ХАСКОВО,19,10,7,2928,656,0.5135731252120801,0.6389148737137512,0.12534174850167112,0.2073087431693989,0.2530487804878049,0.04574003731840598,0.1,0.0,-0.1,1,0,6.046156968600016,0,0
municipality,01,01. БЛАГОЕВГРАД,40,49,21,16264,1201,0.513559114056077,0.6321138211382114,0.11855470708213434,0.5511559272011806,0.5961698584512906,0.045013931250109995,0.02040816326530612,0.0,-0.02040816326530612,1,0,-62.147296997477525,0,0
municipality,12,12. МОНТАНА,11,10,11,2401,864,0.4929212362911266,0.48722131593257206,-0.005699920358554544,0.3981674302374011,0.4409722222222222,0.04280479198482112,0.0,0.0,0.0,0,0,-2.2024372184722765,0,2
municipality,01,01. БЛАГОЕВГРАД,13,16,8,7130,657,0.5832222657781262,0.7133757961783439,0.1301535304002177,0.24011220196353436,0.2800608828006088,0.03994868083707445,0.0625,0.0,-0.0625,1,0,5.673987732240931,0,0
municipality,11,11. ЛОВЕЧ,38,6,5,1741,369,0.45890927368685597,0.5795795795795796,0.12067030589272365,0.4865020103388857,0.5257452574525745,0.03924324711368882,0.0,0.0,0.0,0,0,10.651435253981163,0,0
municipality,18,18. РАЗГРАД,36,8,2,1682,117,0.2961148648648649,0.599009900990099,0.3028950361252341,0.525564803804994,0.5641025641025641,0.038537760297570056,0.0,0.0,0.0,0,0,3.102952722890848,0,0
municipality,26,26. СОФИЯ област,34,8,7,2608,592,0.5255151165029848,0.6372847011144883,0.11176958461150355,0.5191717791411042,0.5557432432432432,0.03657146410213896,0.0,0.0,0.0,0,0,-1.1553887547929715,0,0
municipality,12,12. МОНТАНА,38,5,4,891,560,0.4648027958062906,0.5369685767097967,0.07216578090350612,0.40852974186307517,0.44285714285714284,0.03432740099406767,0.0,0.0,0.0,0,0,29.391473356860086,0,0
municipality,02,02. БУРГАС,23,15,16,3851,1050,0.47523943003971036,0.5632183908045977,0.08797896076488732,0.33341989093741886,0.36666666666666664,0.03324677572924778,0.06666666666666667,0.0,-0.06666666666666667,1,0,-3.1018752807342036,0,0
municipality,06,06. ВРАЦА,05,6,6,1493,617,0.5008,0.6005509641873278,0.09975096418732776,0.4608171466845278,0.49108589951377635,0.03026875282924857,0.0,0.0,0.0,0,0,-0.9434220571882683,0,0
municipality,13,13. ПАЗАРДЖИК,29,28,2,9537,126,0.48059701492537316,0.528,0.04740298507462687,0.5099087763447625,0.5396825396825397,0.029773763337777148,0.03571428571428571,0.0,-0.03571428571428571,1,0,6.194759708679346,0,0
municipality,03,03. ВАРНА,16,20,9,4378,596,0.4016725352112676,0.5693023255813954,0.16762979037012776,0.33485609867519417,0.36073825503355705,0.025882156358362884,0.05,0.0,-0.05,1,0,-1.970102812478876,0,0
municipality,16,16. ПЛОВДИВ град,22,457,25,150935,1867,0.509477752497968,0.7198306280875089,0.21035287558954086,0.4624573491900487,0.4874129619710766,0.02495561278102787,0.01312910284463895,0.04,0.02687089715536105,6,1,21.925598226849495,1,0
municipality,12,12. МОНТАНА,04,12,7,2903,473,0.5116160759708326,0.545556805399325,0.03394072942849247,0.43816741302101275,0.4630021141649049,0.024834701143892135,0.0,0.0,0.0,0,0,-1.136907803168688,0,0
municipality,09,09. КЪРДЖАЛИ,14,48,32,7704,2369,0.2582879450933476,0.4209442060085837,0.16265626091523605,0.33787642782969884,0.3621781342338539,0.024301706404155077,0.14583333333333334,0.0625,-0.08333333333333334,7,2,92.2246518346511,2,0
municipality,13,13. ПАЗАРДЖИК,06,13,3,2830,373,0.44469766028562746,0.5908396946564886,0.1461420343708611,0.5791519434628976,0.6032171581769437,0.0240652147140461,0.0,0.0,0.0,0,0,8.190562459336697,0,0
municipality,08,08. ДОБРИЧ,27,23,10,4924,546,0.2621423480297322,0.37755775577557754,0.11541540774584536,0.39987814784727865,0.4230769230769231,0.02319877522964442,0.13043478260869565,0.0,-0.13043478260869565,3,0,4.218445540063465,0,0
municipality,13,13. ПАЗАРДЖИК,14,6,5,1642,466,0.5102892931702953,0.582639714625446,0.07235042145515069,0.42630937880633374,0.44849785407725323,0.022188475270919494,0.0,0.0,0.0,0,0,6.631175708833371,0,0
municipality,04,04. ВЕЛИКО ТЪРНОВО,26,17,6,4209,533,0.43104465866614206,0.6488372093023256,0.21779255063618352,0.592064623425992,0.6135084427767354,0.021443819350743465,0.0,0.16666666666666666,0.16666666666666666,0,1,0.29485255551232115,0,0
municipality,17,17. ПЛОВДИВ област,13,69,9,19508,847,0.48175860836411294,0.6818181818181818,0.20005957345406883,0.5441870002050441,0.5655253837072018,0.021338383502157776,0.0,0.0,0.0,0,0,-51.13605370828655,0,0
municipality,03,03. ВАРНА,08,7,6,1514,529,0.4610917537746806,0.5745568300312826,0.11346507625660196,0.3943196829590489,0.41398865784499056,0.01966897488594166,0.14285714285714285,0.0,-0.14285714285714285,1,0,6.5019745016806105,0,0
municipality,17,17. ПЛОВДИВ област,37,12,12,3933,1185,0.498343355012885,0.6472134595162986,0.1488701045034136,0.5746249682176455,0.5915611814345991,0.0169362132169536,0.0,0.0,0.0,0,0,-1.235467958941527,0,0
municipality,21,21. СЛИВЕН,24,17,2,3848,121,0.35150472914875325,0.6494845360824743,0.297979806933721,0.5465176715176715,0.5619834710743802,0.015465799556708681,0.0,0.0,0.0,0,0,3.670860988296525,0,0
municipality,01,01. БЛАГОЕВГРАД,44,19,11,7400,677,0.6747410918027031,0.7808676307007787,0.10612653889807555,0.2145945945945946,0.2259970457902511,0.011402451195656499,0.05263157894736842,0.0,-0.05263157894736842,1,0,7.50159059299326,0,0
municipality,28,28. ТЪРГОВИЩЕ,24,33,18,7873,1320,0.3791348600508906,0.5278853601859024,0.1487505001350118,0.5926584529404293,0.6022727272727273,0.009614274332298,0.0,0.05555555555555555,0.05555555555555555,0,1,-24.97280396855405,2,0
municipality,03,03. ВАРНА,13,21,10,5674,747,0.41153450051493307,0.6590330788804071,0.247498578365474,0.45470567500881215,0.46184738955823296,0.007141714549420808,0.0,0.0,0.0,0,0,1.7755366331920008,0,0
municipality,02,02. БУРГАС,04,321,22,91797,1893,0.5153670626255569,0.7483992467043314,0.23303218407877457,0.4911489482227088,0.49815108293713684,0.00700213471442801,0.009345794392523364,0.0,-0.009345794392523364,3,0,-22.47851571441096,1,0
municipality,05,05. ВИДИН,22,4,9,1089,489,0.4857142857142857,0.6092636579572447,0.12354937224295898,0.3682277318640955,0.3721881390593047,0.003960407195209181,0.0,0.0,0.0,0,0,9.961385650224743,0,0
municipality,11,11. ЛОВЕЧ,33,25,12,7584,950,0.5181531176006314,0.6211258697027198,0.10297275210208834,0.4633438818565401,0.4663157894736842,0.0029719076171441094,0.0,0.0,0.0,0,0,-1.0322045731901266,0,0
municipality,31,31. ЯМБОЛ,22,10,20,2856,1656,0.460845672416425,0.5849182515849183,0.12407257916849329,0.5973389355742297,0.5990338164251208,0.0016948808508910895,0.1,0.0,-0.1,1,0,0.4224992444846425,0,1
municipality,26,26. СОФИЯ област,20,17,13,6650,1025,0.5741711704444624,0.7376373626373627,0.16346619219290026,0.39187969924812033,0.39121951219512197,-0.0006601870529983622,0.058823529411764705,0.0,-0.058823529411764705,1,0,12.877009467873306,0,0
municipality,29,29. ХАСКОВО,18,4,11,704,562,0.36799184505606525,0.4250182882223848,0.05702644316631955,0.16619318181818182,0.16370106761565836,-0.00249211420252346,0.0,0.09090909090909091,0.09090909090909091,0,1,-6.131934887387581,0,0
municipality,15,15. ПЛЕВЕН,21,11,8,2936,644,0.4646265717315558,0.7111111111111111,0.24648453937955533,0.37057220708446864,0.36645962732919257,-0.004112579755276069,0.09090909090909091,0.0,-0.09090909090909091,1,0,-0.31865998098319714,0,0
municipality,03,03. ВАРНА,06,399,13,150921,1045,0.5133303820385078,0.8255382331106161,0.31220785107210836,0.4453257002007673,0.4411483253588517,-0.004177374841915604,0.010025062656641603,0.0,-0.010025062656641603,4,0,-172.61216671985028,18,0
municipality,14,14. ПЕРНИК,32,125,15,39397,1078,0.5346503482743694,0.6649153531815528,0.1302650049071834,0.47496002233672613,0.46938775510204084,-0.005572267234685291,0.0,0.0,0.0,0,0,-18.715716136101076,2,0
municipality,17,17. ПЛОВДИВ област,33,12,7,3089,908,0.5116949695610381,0.5770411295273173,0.06534615996627924,0.6416315959857559,0.6354625550660793,-0.006169040919676627,0.0,0.0,0.0,0,0,2.1451331127601496,0,0
municipality,19,19. РУСЕ,37,5,5,1637,506,0.5408388520971302,0.5323076923076923,-0.00853115978943797,0.529627367135003,0.5217391304347826,-0.00788823670022043,0.0,0.0,0.0,0,0,-6.104285879266207,0,0
municipality,17,17. ПЛОВДИВ област,01,84,25,24335,2022,0.4635223946540012,0.6386580486303478,0.17513565397634662,0.46665296897472774,0.45845697329376855,-0.00819599568095919,0.03571428571428571,0.0,-0.03571428571428571,3,0,-66.25881222813233,0,0
municipality,01,01. БЛАГОЕВГРАД,42,20,6,6849,768,0.5036255294708881,0.7492795389048992,0.24565400943401106,0.3169805811067309,0.30859375,-0.008386831106730885,0.0,0.16666666666666666,0.16666666666666666,0,1,6.676253793957748,0,0
municipality,01,01. БЛАГОЕВГРАД,03,132,12,34904,663,0.3555230286906728,0.5277566539923955,0.17223362530172265,0.42800252120100846,0.4193061840120664,-0.008696337188942083,0.007575757575757576,0.0,-0.007575757575757576,1,0,-0.08701838466444478,1,0
municipality,03,03. ВАРНА,24,26,20,6104,1504,0.39308895345243244,0.5613342898134863,0.16824533636105388,0.5101572739187418,0.5013297872340425,-0.008827486684699237,0.0,0.0,0.0,0,0,1.8995333965628447,1,0
municipality,25,25. СОФИЯ 25 МИР,46,497,19,180262,1393,0.5217196109487585,0.7225490196078431,0.2008294086590846,0.4198333536740966,0.4106245513280689,-0.009208802346027667,0.01609657947686117,0.05263157894736842,0.03653499947050725,8,1,-38.567840704329896,2,0
municipality,17,17. ПЛОВДИВ област,40,6,1,1830,21,0.4710642471799902,1.0,0.5289357528200098,0.6295081967213115,0.6190476190476191,-0.010460577673692462,0.16666666666666666,0.0,-0.16666666666666666,1,0,0.4421882583283203,0,0
municipality,06,06. ВРАЦА,28,9,6,2498,199,0.5139742319127849,0.7307692307692307,0.21679499885644582,0.5084067253803043,0.49748743718592964,-0.010919288194374654,0.0,0.0,0.0,0,0,-1.4843551680156377,0,0
municipality,20,20. СИЛИСТРА,07,20,7,4373,580,0.4410937651507806,0.6227979274611399,0.18170416231035935,0.20283558198033386,0.19137931034482758,-0.011456271635506277,0.0,0.0,0.0,0,0,-4.305611162022322,0,0
municipality,31,31. ЯМБОЛ,03,2,20,647,1057,0.6747474747474748,0.6532163742690058,-0.021531100478468956,0.3415765069551777,0.32923368022705773,-0.012342826728119982,0.0,0.0,0.0,0,0,-1.1849381422428351,0,0
municipality,17,17. ПЛОВДИВ област,12,13,7,3662,795,0.4843669912865197,0.6400625978090767,0.15569560652255698,0.528399781540142,0.5157232704402516,-0.01267651109989043,0.07692307692307693,0.14285714285714285,0.06593406593406592,1,1,3.155948202224481,1,0
municipality,06,06. ВРАЦА,27,23,21,6490,2129,0.5239065684276533,0.6300397501419648,0.10613318171431152,0.6058551617873652,0.5922968529826209,-0.01355830880474429,0.043478260869565216,0.0,-0.043478260869565216,1,0,2.7907385500504738,0,0
municipality,27,27. СТАРА ЗАГОРА,38,5,2,1375,206,0.42312172393709957,0.5883977900552486,0.16527606611814905,0.4269090909090909,0.41262135922330095,-0.01428773168578995,0.2,0.0,-0.2,1,0,-17.915413933067796,0,0
municipality,29,29. ХАСКОВО,09,73,18,19410,1742,0.4759597201210287,0.574680386654194,0.09872066653316525,0.5628541988665636,0.547646383467279,-0.015207815399284619,0.0,0.0,0.0,0,0,99.12772455114899,0,0
municipality,09,09. КЪРДЖАЛИ,08,31,14,5849,939,0.285653429261135,0.31508196721311477,0.02942853795197975,0.07334587108907506,0.05750798722044728,-0.015837883868627778,0.03225806451612903,0.0,-0.03225806451612903,1,0,-8.786201817398712,0,0
municipality,12,12. МОНТАНА,14,2,12,436,743,0.6565217391304348,0.6952209197475203,0.03869918061708555,0.43577981651376146,0.4199192462987887,-0.01586057021497278,0.0,0.0,0.0,0,0,-4.747177100186401,0,0
municipality,06,06. ВРАЦА,31,13,5,3609,302,0.4690831556503198,0.5724508050089445,0.10336764935862469,0.5425325574951511,0.5264900662251656,-0.01604249126998547,0.0,0.0,0.0,0,0,-1.0181418275698775,0,0
municipality,03,03. ВАРНА,05,3,3,976,284,0.48746383799421406,0.5838264299802761,0.09636259198606206,0.5030737704918032,0.4859154929577465,-0.017158277534056743,0.0,0.0,0.0,0,0,-11.982263628470731,0,0
municipality,02,02. БУРГАС,15,36,5,10496,460,0.5083775085195001,0.8122923588039868,0.3039148502844866,0.5918445121951219,0.5717391304347826,-0.02010538176033927,0.0,0.0,0.0,0,0,-98.86273426508723,0,0
municipality,21,21. СЛИВЕН,16,44,19,9006,1876,0.33699263325148054,0.5215348472983555,0.18454221404687499,0.5388629802353986,0.5181236673773987,-0.020739312857999903,0.0,0.0,0.0,0,0,-1.918148570837964,0,0
municipality,31,31. ЯМБОЛ,25,26,24,6563,2157,0.49934354485776805,0.6106194690265486,0.11127592416878057,0.5700137132408959,0.5475197032916087,-0.022494009949287186,0.0,0.0,0.0,0,0,-0.02077216227888634,0,0
municipality,19,19. РУСЕ,08,11,4,2726,311,0.4197458741054476,0.518578352180937,0.09883247807548934,0.5443873807776962,0.5209003215434084,-0.023487059234287844,0.0,0.0,0.0,0,0,-6.108970151200815,0,0
municipality,02,02. БУРГАС,01,44,8,9952,635,0.3887372396514976,0.5805309734513274,0.19179373379982984,0.4127813504823151,0.3889763779527559,-0.02380497252955921,0.022727272727272728,0.0,-0.022727272727272728,1,0,41.941243815976584,0,0
municipality,05,05. ВИДИН,30,2,6,466,857,0.5715962441314554,0.6983503534956795,0.12675410936422415,0.3261802575107296,0.30221703617269546,-0.023963221338034135,0.0,0.0,0.0,0,0,-5.761981286828394,0,0
municipality,06,06. ВРАЦА,10,98,18,29984,1129,0.4978941763082732,0.7105263157894737,0.21263213948120047,0.5734058164354322,0.5482728077945084,-0.025133008640923826,0.02040816326530612,0.0,-0.02040816326530612,2,0,42.13520897687757,1,0
municipality,20,20. СИЛИСТРА,31,78,16,19728,1012,0.46610595602687754,0.6698232323232324,0.20371727629635483,0.5511455798864558,0.525691699604743,-0.025453880281712804,0.02564102564102564,0.0,-0.02564102564102564,2,0,99.0604160156101,0,0
municipality,30,30. ШУМЕН,30,111,20,33176,1481,0.4149405157316263,0.6265543521861211,0.21161383645449477,0.5293284301904991,0.5037137069547603,-0.02561472323573888,0.02702702702702703,0.0,-0.02702702702702703,3,0,65.87585871273127,6,0
municipality,01,01. БЛАГОЕВГРАД,01,18,5,6245,283,0.5944598337950139,0.6255411255411255,0.031081291746111628,0.5204163330664532,0.49469964664310956,-0.025716686423343627,0.0,0.0,0.0,0,0,-7.589915547755792,0,0
municipality,20,20. СИЛИСТРА,10,38,5,9830,296,0.3560255025607079,0.5008183306055647,0.14479282804485677,0.3366225839267548,0.3108108108108108,-0.025811773115944014,0.05263157894736842,0.0,-0.05263157894736842,2,0,-21.493344684483944,0,0
municipality,07,07. ГАБРОВО,05,82,39,22509,2884,0.4772314041144865,0.6541386052574408,0.17690720114295433,0.4525300990714825,0.4264909847434119,-0.0260391143280706,0.0,0.0,0.0,0,0,11.336839974617023,0,0
municipality,15,15. ПЛЕВЕН,08,15,6,3276,619,0.4325145606482654,0.5547826086956522,0.12226804804738683,0.5546398046398047,0.5282714054927302,-0.02636839914707445,0.0,0.0,0.0,0,0,-2.2923797607156704,0,0
municipality,29,29. ХАСКОВО,17,11,9,3456,874,0.5701669877970456,0.632542372881356,0.0623753850843104,0.39641203703703703,0.3684210526315789,-0.027990984405458108,0.0,0.0,0.0,0,0,1.8940495871018843,0,0
municipality,30,30. ШУМЕН,23,16,7,3627,558,0.34308365226899945,0.49130074565037285,0.1482170933813734,0.5106148331954784,0.482078853046595,-0.028535980148883422,0.0,0.0,0.0,0,0,3.3708557682322713,1,0
municipality,02,02. БУРГАС,17,40,11,9947,997,0.4649356513885753,0.6096567771960442,0.14472112580746888,0.502161455715291,0.4724172517552658,-0.02974420396002525,0.0,0.0,0.0,0,0,-5.5467320142613765,0,0
municipality,15,15. ПЛЕВЕН,24,154,14,53183,1467,0.49106607077284087,0.5576715774344233,0.06660550666158244,0.5096741439933813,0.47989093387866394,-0.02978321011471735,0.006493506493506494,0.0,-0.006493506493506494,1,0,487.0386633903038,1,0
municipality,19,19. РУСЕ,33,14,3,3227,410,0.3608324439701174,0.637593984962406,0.27676154099228867,0.4592500774713356,0.4292682926829268,-0.029981784788408794,0.0,0.0,0.0,0,0,-12.623823786225547,1,0
municipality,15,15. ПЛЕВЕН,37,35,6,9667,650,0.45014551152899035,0.5539334955393349,0.10378798401034456,0.5166028757629048,0.48615384615384616,-0.030449029609058598,0.05714285714285714,0.0,-0.05714285714285714,2,0,27.411015606868677,0,0
municipality,03,03. ВАРНА,01,9,8,2693,859,0.49548592671269254,0.653343023255814,0.1578570965431214,0.4467137021908652,0.41559953434225844,-0.031114167848606766,0.1111111111111111,0.0,-0.1111111111111111,1,0,5.311851900246099,0,0
municipality,13,13. ПАЗАРДЖИК,19,139,12,40214,952,0.42318642407420637,0.6402284263959391,0.21704200232173276,0.544760531158303,0.5115546218487395,-0.033205909309563575,0.02158273381294964,0.0,-0.02158273381294964,3,0,-38.67941758462095,3,0
municipality,12,12. МОНТАНА,36,3,11,750,980,0.5721500721500722,0.7083333333333334,0.13618326118326118,0.3973333333333333,0.363265306122449,-0.03406802721088431,0.0,0.0,0.0,0,0,-15.79665096153322,0,0
municipality,20,20. СИЛИСТРА,34,19,9,5357,538,0.44134874149121417,0.5580933465739821,0.11674460508276796,0.4786260966959119,0.44423791821561337,-0.034388178480298515,0.0,0.0,0.0,0,0,1.6971837460130175,0,0
municipality,08,08. ДОБРИЧ,28,125,5,32881,328,0.4278946969505571,0.7157057654075547,0.2878110684569976,0.5352331133481342,0.5,-0.03523311334813417,0.0,0.0,0.0,0,0,6.979451286577511,1,0
municipality,22,22. СМОЛЯН,18,6,16,1467,965,0.45413260672116257,0.5756154747948418,0.1214828680736792,0.5637355146557601,0.5274611398963731,-0.036274374759386996,0.0,0.0,0.0,0,0,1.9429706534200886,0,0
municipality,04,04. ВЕЛИКО ТЪРНОВО,04,109,35,33787,3307,0.522017866526537,0.6467065868263473,0.12468872029981026,0.4934146269275165,0.4569095857272452,-0.03650504120027126,0.01834862385321101,0.0,-0.01834862385321101,2,0,-15.196860277763212,1,0
municipality,18,18. РАЗГРАД,16,25,10,5975,530,0.3530075612233382,0.6037117903930131,0.25070422916967494,0.36502092050209206,0.3283018867924528,-0.03671903370963925,0.04,0.0,-0.04,1,0,3.992432520136145,0,0
municipality,18,18. РАЗГРАД,26,57,14,17331,1018,0.36385610692449877,0.5958520179372198,0.231995911012721,0.4398476718019733,0.4017681728880157,-0.03807949891395762,0.017543859649122806,0.0,-0.017543859649122806,1,0,294.319941043389,0,0
municipality,22,22. СМОЛЯН,11,15,6,4596,301,0.5214097496706193,0.5688073394495413,0.047397589778922056,0.644473455178416,0.6046511627906976,-0.039822292387718394,0.06666666666666667,0.16666666666666666,0.09999999999999999,1,1,22.971594544551298,0,0
municipality,22,22. СМОЛЯН,38,7,9,2289,622,0.5304505320353181,0.6104265402843602,0.07997600824904205,0.5290519877675841,0.4871382636655949,-0.041913724101989236,0.0,0.0,0.0,0,0,8.02165891150256,0,0
municipality,26,26. СОФИЯ област,10,4,11,1298,1484,0.5413807024626565,0.6600431965442765,0.11866249408162,0.573959938366718,0.5309973045822103,-0.04296263378450771,0.0,0.0,0.0,0,0,-33.8120318734764,0,0
municipality,09,09. КЪРДЖАЛИ,35,21,20,3491,1278,0.3528614311997676,0.4467942262504196,0.093932795050652,0.15783443139501577,0.1134585289514867,-0.04437590244352907,0.0,0.05,0.05,0,1,-2.2884588253833114,0,0
municipality,08,08. ДОБРИЧ,29,4,12,1087,646,0.4353078721745908,0.5978552278820375,0.16254735570744666,0.5574977000919963,0.5123839009287926,-0.04511379916320368,0.0,0.0,0.0,0,0,-18.20603992240978,0,0
municipality,26,26. СОФИЯ област,17,24,9,8321,918,0.5144721233689206,0.6552433173406442,0.14077119397172366,0.5310659776469174,0.48474945533769065,-0.04631652230922678,0.0,0.0,0.0,0,0,5.129590849819959,1,0
municipality,19,19. РУСЕ,27,203,13,61648,1124,0.4580798977400846,0.6684578183772165,0.2103779206371319,0.49850765637165845,0.451067615658363,-0.04744004071329544,0.0049261083743842365,0.0,-0.0049261083743842365,1,0,20.433102593807366,4,0
municipality,15,15. ПЛЕВЕН,10,30,5,6046,417,0.4265457768082351,0.5474358974358975,0.12089012062766241,0.5734369831293417,0.5251798561151079,-0.04825712701423379,0.0,0.0,0.0,0,0,-17.09496429306111,0,0
municipality,26,26. СОФИЯ област,58,2,1,721,10,0.6092333058532564,0.9285714285714286,0.3193381227181722,0.5492371705963939,0.5,-0.049237170596393875,0.0,0.0,0.0,0,0,-39.32080710589308,0,0
municipality,26,26. СОФИЯ област,06,10,2,3757,262,0.611624627917907,0.7180851063829787,0.10646047846507178,0.48229970721320203,0.4312977099236641,-0.051001997289537915,0.0,0.0,0.0,0,0,-16.07282429007384,1,0
municipality,01,01. БЛАГОЕВГРАД,33,69,21,20958,1407,0.418376604574848,0.6124523506988564,0.1940757461240084,0.4734707510258612,0.42217484008528783,-0.0512959109405734,0.028985507246376812,0.047619047619047616,0.018633540372670804,2,1,126.66834650033178,0,0
municipality,29,29. ХАСКОВО,34,139,15,40182,1331,0.474555494455137,0.603448275862069,0.12889278140693194,0.5110746105221243,0.459053343350864,-0.05202126717126032,0.02877697841726619,0.0,-0.02877697841726619,4,0,277.7084882959178,2,0
municipality,03,03. ВАРНА,26,8,6,2311,708,0.4267990074441687,0.6973434535104365,0.27054444606626776,0.4353093898745132,0.3827683615819209,-0.05254102829259227,0.125,0.0,-0.125,1,0,4.15950958945771,0,0
municipality,11,11. ЛОВЕЧ,34,41,20,10978,1868,0.49914484936192605,0.6048163013275702,0.1056714519656442,0.4926216068500638,0.4400428265524625,-0.05257878029760127,0.0,0.0,0.0,0,0,-19.467111553133684,1,0
municipality,08,08. ДОБРИЧ,15,26,42,4887,2611,0.3219775393688437,0.5026099925428784,0.1806324531740347,0.4589727849396358,0.405591727307545,-0.05338105763209078,0.07692307692307693,0.0,-0.07692307692307693,2,0,-5.917776546070067,1,0
municipality,01,01. БЛАГОЕВГРАД,52,13,6,3897,263,0.5110998990918264,0.621380846325167,0.11028094723334059,0.44547087503207594,0.3916349809885932,-0.05383589404348277,0.0,0.16666666666666666,0.16666666666666666,0,1,9.476300138396997,0,0
municipality,03,03. ВАРНА,09,8,18,1615,1497,0.3782569631626235,0.47192028985507245,0.09366332669244892,0.541795665634675,0.4876419505678023,-0.054153715066872665,0.0,0.0,0.0,0,0,1.518500222046768,0,0
municipality,27,27. СТАРА ЗАГОРА,31,169,43,64889,4253,0.5082307488352714,0.6862382493450455,0.1780075005097741,0.4977114765214443,0.44298142487655773,-0.05473005164488659,0.005917159763313609,0.0,-0.005917159763313609,1,0,76.26497500223304,5,0
municipality,12,12. МОНТАНА,12,8,9,2243,870,0.4821837882892269,0.6813353566009105,0.19915156831168357,0.5064645563976817,0.4517241379310345,-0.054740418466647234,0.0,0.1111111111111111,0.1111111111111111,0,1,3.1414476792937833,0,0
municipality,22,22. СМОЛЯН,09,15,9,4127,678,0.4898098599567346,0.5651478816946442,0.07533802173790966,0.5195056942088684,0.4646017699115044,-0.05490392429736396,0.06666666666666667,0.0,-0.06666666666666667,1,0,1.8757379497515867,0,0
municipality,26,26. СОФИЯ област,39,46,20,13279,1961,0.5057588942922959,0.6820905459387483,0.17633165164645237,0.4678816175916861,0.41203467618561956,-0.05584694140606655,0.021739130434782608,0.0,-0.021739130434782608,1,0,-53.794505659931126,4,0
municipality,10,10. КЮСТЕНДИЛ,05,2,9,471,601,0.5287107258938245,0.5841035120147874,0.05539278612096288,0.5286624203821656,0.47088186356073214,-0.05778055682143346,0.0,0.0,0.0,0,0,-12.921307463924435,0,0
municipality,17,17. ПЛОВДИВ област,07,7,12,1409,1073,0.4872220378360438,0.5848958333333333,0.0976737954972895,0.5635202271114266,0.5051258154706431,-0.05839441164078352,0.0,0.0,0.0,0,0,3.4798781962138534,0,0
municipality,27,27. СТАРА ЗАГОРА,04,9,15,1844,866,0.4500116522955022,0.6109215017064846,0.1609098494109824,0.3796095444685466,0.3210161662817552,-0.05859337818679139,0.0,0.0,0.0,0,0,0.2591907420637449,0,0
municipality,05,05. ВИДИН,33,4,9,996,443,0.49310027598896045,0.6512261580381471,0.15812588204918665,0.39056224899598396,0.33182844243792325,-0.05873380655806071,0.0,0.0,0.0,0,0,-18.500197692456887,1,0
municipality,11,11. ЛОВЕЧ,18,66,31,16600,2353,0.4612983098288298,0.6318484383000512,0.17055012847122142,0.47740963855421686,0.41776455588610284,-0.059645082668114024,0.0,0.0,0.0,0,0,-43.0726515098523,1,0
municipality,10,10. КЮСТЕНДИЛ,38,3,5,880,225,0.47614161108260644,0.6897590361445783,0.2136174250619719,0.42045454545454547,0.36,-0.06045454545454548,0.0,0.0,0.0,0,0,-26.086917185810908,0,0
municipality,30,30. ШУМЕН,11,18,3,2907,311,0.2754110273412662,0.49615975422427033,0.22074872688300412,0.1217750257997936,0.06109324758842444,-0.060681778211369164,0.0,0.0,0.0,0,0,-18.54975030538325,0,0
municipality,26,26. СОФИЯ област,47,7,3,1929,330,0.5049229992426155,0.6357012750455373,0.13077827580292178,0.5583203732503889,0.49696969696969695,-0.06135067628069191,0.0,0.0,0.0,0,0,-17.60619083235057,0,0
municipality,17,17. ПЛОВДИВ област,41,26,2,7321,30,0.4407487978016945,0.5961538461538461,0.15540504835215163,0.528479715885808,0.4666666666666667,-0.061813049219141325,0.0,0.0,0.0,0,0,-0.001729773888667907,0,0
municipality,18,18. РАЗГРАД,14,34,8,8873,401,0.35373760488176964,0.7125850340136054,0.35884742913183576,0.2518877493519666,0.18952618453865336,-0.06236156481331326,0.058823529411764705,0.0,-0.058823529411764705,2,0,34.373138892725464,0,0
municipality,11,11. ЛОВЕЧ,02,4,3,1224,148,0.6018207954000958,0.6968325791855203,0.09501178378542452,0.4950980392156863,0.43243243243243246,-0.06266560678325384,0.0,0.0,0.0,0,0,-18.881223229314053,1,0
municipality,03,03. ВАРНА,02,21,17,6815,1969,0.4952593418851088,0.6826666666666666,0.18740732478155786,0.4950843727072634,0.4291518537328593,-0.06593251897440411,0.0,0.0,0.0,0,0,2.464269129495838,0,0
municipality,15,15. ПЛЕВЕН,03,10,7,3006,576,0.4948995855913293,0.5687203791469194,0.07382079355559013,0.6387225548902196,0.5711805555555556,-0.06754199933466398,0.0,0.0,0.0,0,0,0.692087392970631,0,0
municipality,28,28. ТЪРГОВИЩЕ,22,35,22,6813,1664,0.32307069980673286,0.4744605299098607,0.15138983010312784,0.3245266402465874,0.2566105769230769,-0.06791606332351047,0.0,0.0,0.0,0,0,17.244196080045032,0,0
municipality,22,22. СМОЛЯН,31,45,43,14205,2738,0.5269175627240144,0.6089661089661089,0.08204854624209457,0.5253079901443154,0.4572680788897005,-0.0680399112546149,0.0,0.0,0.0,0,0,94.61464682545912,0,0
municipality,12,12. МОНТАНА,26,5,3,1293,194,0.5394422310756972,0.6415094339622641,0.1020672028865669,0.382830626450116,0.31443298969072164,-0.06839763675939436,0.0,0.0,0.0,0,0,-24.457203481136204,0,0
municipality,04,04. ВЕЛИКО ТЪРНОВО,22,29,13,6657,1297,0.40669461007143276,0.5806729939603106,0.17397838388887782,0.5143458014120474,0.4456437933693138,-0.06870200804273363,0.0,0.0,0.0,0,0,1.6972790728291542,0,0
municipality,10,10. КЮСТЕНДИЛ,29,80,33,21738,1652,0.3662446296055201,0.454497632824829,0.0882530032193089,0.4829331125218511,0.41404358353510895,-0.06888952898674217,0.0125,0.0,-0.0125,1,0,-23.28685620359102,0,0
municipality,22,22. СМОЛЯН,02,4,13,888,897,0.5519559902200489,0.609271523178808,0.05731553295875902,0.5394144144144144,0.47045707915273133,-0.06895733526168307,0.0,0.0,0.0,0,0,-34.5886364990946,0,0
municipality,07,07. ГАБРОВО,29,45,24,11522,1654,0.433794573503378,0.547361729179911,0.11356715567653297,0.5102412775559798,0.44014510278113667,-0.07009617477484315,0.0,0.0,0.0,0,0,37.449663816342635,0,0
municipality,21,21. СЛИВЕН,11,23,7,5438,533,0.3278605566488614,0.4614121510673235,0.1335515944184621,0.44097094520044133,0.3696060037523452,-0.07136494144809613,0.13043478260869565,0.0,-0.13043478260869565,3,0,5.985540924169118,0,0
municipality,27,27. СТАРА ЗАГОРА,27,19,19,6008,1550,0.5046416938110749,0.579622372639829,0.07498067882875403,0.5995339547270306,0.5270967741935484,-0.07243718053348225,0.0,0.0,0.0,0,0,-2.191843442197511,0,0
municipality,27,27. СТАРА ЗАГОРА,12,83,7,31393,596,0.5141485518727422,0.7506112469437652,0.23646269507102302,0.5106552416143726,0.43791946308724833,-0.07273577852712426,0.024096385542168676,0.0,-0.024096385542168676,2,0,201.69332559819918,4,0
municipality,28,28. ТЪРГОВИЩЕ,02,5,35,935,1622,0.36457142857142855,0.5291890186178605,0.16461759004643195,0.26844919786096255,0.19543773119605426,-0.07301146666490829,0.0,0.0,0.0,0,0,-44.98996339990974,0,0
municipality,30,30. ШУМЕН,18,21,3,5259,160,0.3026670332691779,0.817258883248731,0.5145918499795531,0.17322684921087658,0.1,-0.07322684921087658,0.0,0.0,0.0,0,0,-8.766332684098561,0,0
municipality,12,12. МОНТАНА,24,42,11,9116,831,0.4378493232943785,0.634020618556701,0.19617129526232252,0.45239139973672665,0.37906137184115524,-0.07333002789557141,0.0,0.0,0.0,0,0,96.9350169182495,0,0
municipality,21,21. СЛИВЕН,20,162,24,41135,2204,0.4105831180926959,0.6016533195556704,0.1910702014629745,0.5291114622584174,0.455535390199637,-0.07357607205878042,0.006172839506172839,0.0,-0.006172839506172839,1,0,-65.95108625019618,0,0
municipality,10,10. КЮСТЕНДИЛ,04,10,17,2230,787,0.45538340851147285,0.6207674943566591,0.16538408584518627,0.5260089686098655,0.45235069885641677,-0.07365826975344869,0.0,0.0,0.0,0,0,0.5947529242376337,0,0
municipality,10,10. КЮСТЕНДИЛ,48,62,12,17492,751,0.4769715260464506,0.675885911840968,0.19891438579451742,0.4803338669105877,0.40612516644474034,-0.07420870046584738,0.0,0.0,0.0,0,0,38.26149232070712,0,0
municipality,02,02. БУРГАС,27,7,2,2798,108,0.5632788161993769,0.6941176470588235,0.1308388308594466,0.48463187991422446,0.4074074074074074,-0.07722447250681708,0.14285714285714285,0.0,-0.14285714285714285,1,0,-7.168685237400018,0,0
municipality,08,08. ДОБРИЧ,03,22,16,6276,1061,0.4123639141783918,0.5370553359683794,0.1246914217899876,0.5031867431485022,0.42507068803016024,-0.07811605511834196,0.0,0.0,0.0,0,0,1.4321468915025521,0,0
municipality,05,05. ВИДИН,01,8,11,1745,439,0.42198830409356725,0.5910878112712975,0.16909950717773026,0.4888252148997135,0.41002277904328016,-0.07880243585643332,0.0,0.0,0.0,0,0,1.3028420889001984,0,0
municipality,17,17. ПЛОВДИВ област,23,36,4,8991,269,0.4330392202152723,0.6342592592592593,0.201220039043987,0.5658992325658992,0.48698884758364314,-0.07891038498225611,0.027777777777777776,0.0,-0.027777777777777776,1,0,-83.63527919077369,0,0
municipality,11,11. ЛОВЕЧ,19,22,6,5448,328,0.4043379963261269,0.6152542372881356,0.21091624096200867,0.46016886930983847,0.38109756097560976,-0.07907130833422871,0.0,0.0,0.0,0,0,-6.187521516567671,0,0
municipality,04,04. ВЕЛИКО ТЪРНОВО,31,15,9,3590,585,0.3910382740379629,0.5370370370370371,0.14599876299907422,0.5615598885793872,0.48205128205128206,-0.07950860652810515,0.06666666666666667,0.0,-0.06666666666666667,1,0,-1.6555157670145633,0,0
municipality,15,15. ПЛЕВЕН,16,27,6,6161,261,0.42052221713238663,0.5143953934740882,0.09387317634170161,0.5588378509982146,0.4789272030651341,-0.0799106479330805,0.0,0.0,0.0,0,0,-0.9771432560343463,0,0
municipality,13,13. ПАЗАРДЖИК,32,5,4,1607,312,0.4884333821376281,0.6074074074074074,0.1189740252697793,0.5917859365276914,0.5096153846153846,-0.08217055191230682,0.0,0.0,0.0,0,0,-48.692127714836964,0,0
municipality,17,17. ПЛОВДИВ област,25,32,2,8935,137,0.4292924658162797,0.5407407407407407,0.11144827492446102,0.5714605484051483,0.48905109489051096,-0.0824094535146373,0.0625,0.0,-0.0625,2,0,-7.481373992355557,0,0
municipality,09,09. КЪРДЖАЛИ,15,43,43,7340,2107,0.2648869216405007,0.33379225944622914,0.06890533780572844,0.2709809264305177,0.1874703369719981,-0.08351058945851958,0.046511627906976744,0.023255813953488372,-0.023255813953488372,2,1,-130.25344841290558,1,0
municipality,22,22. СМОЛЯН,27,10,16,3294,1656,0.5957483581057725,0.6990684487646821,0.10332009065890957,0.38129933211900424,0.2977053140096618,-0.08359401810934242,0.0,0.0,0.0,0,0,4.132786176706299,0,0
municipality,08,08. ДОБРИЧ,20,8,9,1061,457,0.2791457286432161,0.4021648626144879,0.12301913397127184,0.3072573044297832,0.22319474835886213,-0.08406255607092109,0.125,0.0,-0.125,1,0,-3.2647224022807855,0,0
municipality,27,27. СТАРА ЗАГОРА,07,13,9,4364,758,0.549475714113535,0.6083969465648855,0.0589212324513505,0.46516956920256647,0.37994722955145116,-0.08522233965111531,0.07692307692307693,0.0,-0.07692307692307693,1,0,2.1675578306606145,0,0
municipality,04,04. ВЕЛИКО ТЪРНОВО,06,60,7,17226,455,0.47326964528060883,0.47058823529411764,-0.00268140998649119,0.5589225589225589,0.4725274725274725,-0.08639508639508642,0.0,0.0,0.0,0,0,-25.275391057923507,1,0
municipality,30,30. ШУМЕН,07,13,4,2990,294,0.31073613578054077,0.5714285714285714,0.26069243564803063,0.1411371237458194,0.05442176870748299,-0.08671535503833641,0.0,0.0,0.0,0,0,-24.872443472416634,1,0
municipality,29,29. ХАСКОВО,32,13,9,3340,760,0.5187575030012005,0.5516528925619835,0.03289538956078297,0.5679640718562874,0.48026315789473684,-0.08770091396155055,0.0,0.0,0.0,0,0,3.9672015343094333,0,0
municipality,26,26. СОФИЯ област,43,20,19,7079,1346,0.5352727272727272,0.6287776274244474,0.0935049001517202,0.4753496256533409,0.387072808320951,-0.0882768173323899,0.0,0.0,0.0,0,0,-0.6103922890312532,1,0
municipality,10,10. КЮСТЕНДИЛ,27,3,13,643,1076,0.5417680454176804,0.5846628924343799,0.04289484701669943,0.609642301710731,0.5195167286245354,-0.09012557308619562,0.0,0.0,0.0,0,0,-38.99756054491303,0,0
municipality,26,26. СОФИЯ област,25,16,5,5111,318,0.5603931100073972,0.8164251207729468,0.2560320107655496,0.5308158873018979,0.44025157232704404,-0.09056431497485384,0.0,0.0,0.0,0,0,-27.91670205329822,0,0
municipality,31,31. ЯМБОЛ,26,100,6,27165,366,0.4515074289560994,0.631911532385466,0.18040410342936664,0.5560095711393337,0.4644808743169399,-0.09152869682239378,0.0,0.0,0.0,0,0,-6.131120876725504,2,0
municipality,05,05. ВИДИН,16,5,22,1252,1080,0.4365365693670056,0.6284275321768327,0.1918909628098271,0.33945686900958466,0.24722222222222223,-0.09223464678736243,0.0,0.0,0.0,0,0,-57.006332710346754,0,0
municipality,09,09. КЪРДЖАЛИ,02,27,31,5282,1588,0.24694244604316548,0.36688384632666815,0.11994140028350267,0.22851192730026504,0.13602015113350127,-0.09249177616676377,0.07407407407407407,0.0,-0.07407407407407407,2,0,-11.43326485707606,0,0
municipality,12,12. МОНТАНА,02,24,17,6058,886,0.46632735856015345,0.6170780520346898,0.15075069347453635,0.48283261802575106,0.3893905191873589,-0.09344209883839216,0.0,0.0,0.0,0,0,2.4927795082362536,0,0
municipality,02,02. БУРГАС,08,14,6,2631,819,0.3238073019946343,0.6614906832298136,0.3376833812351793,0.5758266818700114,0.4822954822954823,-0.0935311995745291,0.0,0.0,0.0,0,0,3.318299990410818,0,0
municipality,02,02. БУРГАС,13,10,10,3554,847,0.6483497191011236,0.6609410007468259,0.012591281645702335,0.4614518851997749,0.36481700118063753,-0.09663488401913739,0.0,0.0,0.0,0,0,-5.9554690223335,0,0
municipality,19,19. РУСЕ,04,15,11,3917,944,0.44151761517615173,0.5291912158543117,0.08767360067815999,0.5856522849119223,0.4883474576271186,-0.09730482728480372,0.0,0.0,0.0,0,0,2.4161866720868765,1,0
municipality,30,30. ШУМЕН,22,27,9,5197,420,0.3392443135534808,0.4180633147113594,0.0788190011578786,0.4708485664806619,0.37142857142857144,-0.09941999505209048,0.0,0.0,0.0,0,0,0.9359526555000919,1,0
municipality,05,05. ВИДИН,15,2,7,475,313,0.5460674157303371,0.7204545454545455,0.17438712972420833,0.37473684210526315,0.2747603833865815,-0.09997645871868166,0.0,0.0,0.0,0,0,-26.329043401144485,0,0
municipality,20,20. СИЛИСТРА,15,7,7,1125,345,0.3170665947694796,0.5150645624103299,0.19799796764085031,0.35644444444444445,0.25507246376811593,-0.10137198067632852,0.14285714285714285,0.0,-0.14285714285714285,1,0,-0.23434709513401186,0,0
municipality,06,06. ВРАЦА,21,9,12,2238,1048,0.4537864077669903,0.6456739258387286,0.19188751807173832,0.5822162645218946,0.4799618320610687,-0.10225443246082588,0.0,0.0,0.0,0,0,-1.7116582027420417,0,0
municipality,26,26. СОФИЯ област,26,16,9,7004,966,0.5745319535508334,0.7189728958630528,0.14444094231221938,0.47315819531696174,0.37060041407867494,-0.1025577812382868,0.0,0.0,0.0,0,0,-2.097946263489737,3,0
municipality,06,06. ВРАЦА,35,7,5,1480,314,0.5458764726883256,0.5736568457538995,0.027780373065573905,0.5054054054054054,0.4012738853503185,-0.10413152005508686,0.14285714285714285,0.0,-0.14285714285714285,1,0,-28.337003699291344,0,0
municipality,08,08. ДОБРИЧ,12,19,26,3416,1225,0.3635334088335221,0.46445326596896425,0.10091985713544216,0.5412763466042154,0.43673469387755104,-0.10454165272666438,0.0,0.0,0.0,0,0,-3.4052911171370965,0,0
municipality,27,27. СТАРА ЗАГОРА,36,24,14,6400,876,0.42673076923076925,0.6309278350515464,0.20419706582077712,0.5353125,0.430365296803653,-0.10494720319634698,0.0,0.0,0.0,0,0,-0.49359819901762547,0,0
municipality,01,01. БЛАГОЕВГРАД,02,10,9,4405,941,0.6705950822057326,0.8472344161545216,0.17663933394878895,0.12326901248581158,0.018065887353878853,-0.10520312513193272,0.1,0.0,-0.1,1,0,9.910609068998134,0,0
municipality,30,30. ШУМЕН,10,17,6,3746,575,0.3610601614086574,0.6957026713124274,0.33464250990377,0.14602242391884676,0.04,-0.10602242391884675,0.0,0.0,0.0,0,0,-3.8538520840670025,0,0
municipality,13,13. ПАЗАРДЖИК,39,5,2,2352,309,0.6246418338108882,0.8490566037735849,0.22441476996269671,0.1917517006802721,0.08414239482200647,-0.10760930585826564,0.0,0.0,0.0,0,0,-65.30416661792113,0,0
municipality,05,05. ВИДИН,09,91,37,18863,2893,0.39475549255846915,0.5897738446411013,0.19501835208263213,0.5018819911997031,0.39405461458693397,-0.10782737661276914,0.0,0.0,0.0,0,0,68.81314609575335,0,0
municipality,12,12. МОНТАНА,29,64,20,20640,2065,0.525027808676307,0.6950514138817481,0.17002360520544102,0.5330910852713179,0.42518159806295397,-0.10790948720836391,0.0,0.0,0.0,0,0,315.09302878631524,0,0
municipality,28,28. ТЪРГОВИЩЕ,35,82,23,21491,1775,0.4210169619156987,0.5040805223068553,0.08306356039115659,0.40784514447908427,0.29859154929577464,-0.10925359518330963,0.012195121951219513,0.0,-0.012195121951219513,1,0,93.37429681483552,2,0
municipality,20,20. СИЛИСТРА,01,5,6,886,301,0.4638613861386139,0.6788793103448276,0.21501792420621374,0.45936794582392776,0.3488372093023256,-0.11053073652160217,0.0,0.0,0.0,0,0,-21.47740148507931,0,0
municipality,17,17. ПЛОВДИВ област,15,3,8,743,319,0.48280254777070064,0.6439393939393939,0.16113684616869328,0.6096904441453567,0.49843260188087773,-0.11125784226447893,0.0,0.0,0.0,0,0,-27.95568336734025,0,0
municipality,02,02. БУРГАС,18,46,6,11676,492,0.443638313080772,0.6475609756097561,0.2039226625289841,0.19672833162041795,0.08536585365853659,-0.11136247796188135,0.043478260869565216,0.0,-0.043478260869565216,2,0,51.62983335865016,0,0
municipality,30,30. ШУМЕН,25,7,6,1687,289,0.36087135224003286,0.5711610486891385,0.21028969644910567,0.5637225844694724,0.44982698961937717,-0.11389559485009526,0.0,0.0,0.0,0,0,-0.8376201592827346,0,0
municipality,18,18. РАЗГРАД,29,14,4,2890,377,0.34438600503087125,0.7334593572778828,0.38907335224701156,0.7484429065743945,0.6339522546419099,-0.11449065193248464,0.0,0.25,0.25,0,1,-43.676997632020985,0,0
municipality,29,29. ХАСКОВО,29,9,7,2621,770,0.49113062175237415,0.709562109025916,0.21843148727354184,0.42769935139259824,0.312987012987013,-0.11471233840558526,0.0,0.0,0.0,0,0,-5.136983154393267,0,0
municipality,26,26. СОФИЯ област,56,2,4,531,329,0.4751712328767123,0.6149732620320856,0.13980202915537326,0.5574387947269304,0.44072948328267475,-0.11670931144425561,0.0,0.0,0.0,0,0,-61.67793143902715,0,0
municipality,19,19. РУСЕ,13,12,6,2831,485,0.4581014223871367,0.6920943134535368,0.2339928910664001,0.5001766160367361,0.38144329896907214,-0.11873331706766399,0.0,0.0,0.0,0,0,1.03918638650212,0,0
municipality,30,30. ШУМЕН,19,10,6,2099,656,0.4139674218311178,0.4848698099929627,0.07090238816184491,0.5869461648404002,0.46646341463414637,-0.12048275020625382,0.1,0.0,-0.1,1,0,-1.2393321632588865,0,0
municipality,12,12. МОНТАНА,07,5,11,1217,876,0.5580885576501534,0.677136596055515,0.1190480384053616,0.4387838948233361,0.3162100456621005,-0.12257384916123559,0.0,0.0,0.0,0,0,-69.11747757423396,0,0
municipality,29,29. ХАСКОВО,11,8,20,1899,993,0.4993584808827303,0.44967032967032966,-0.049688151212400666,0.48973143759873616,0.364551863041289,-0.12517957455744716,0.0,0.0,0.0,0,0,-9.670424975064526,0,0
municipality,22,22. СМОЛЯН,05,4,5,1230,354,0.49783889980353635,0.7453027139874739,0.2474638141839376,0.3983739837398374,0.2711864406779661,-0.1271875430618713,0.0,0.0,0.0,0,0,-81.49691888851426,0,0
municipality,18,18. РАЗГРАД,17,14,9,3458,475,0.37682376403904694,0.5109717868338558,0.13414802279480886,0.2750144592249855,0.14526315789473684,-0.12975130133024868,0.07142857142857142,0.0,-0.07142857142857142,1,0,-5.21150399245654,0,0
municipality,26,26. СОФИЯ област,09,5,6,1797,396,0.527034718269778,0.6720516962843296,0.1450169780145516,0.5169727323316639,0.38636363636363635,-0.1306090959680275,0.0,0.0,0.0,0,0,-52.796431715308636,1,0
municipality,14,14. ПЕРНИК,19,2,12,466,575,0.5248917748917749,0.6176470588235294,0.09275528393175458,0.4892703862660944,0.3582608695652174,-0.13100951670087702,0.0,0.0,0.0,0,0,-37.45962581147332,0,0
municipality,09,09. КЪРДЖАЛИ,21,36,26,7294,1579,0.25718414949752966,0.437192790824686,0.18000864132715633,0.209075952837949,0.07726409119696011,-0.1318118616409889,0.05555555555555555,0.0,-0.05555555555555555,2,0,-15.866111595095001,2,0
municipality,02,02. БУРГАС,06,14,23,3596,1459,0.4401897269782508,0.6303258145363408,0.19013608755809003,0.5620133481646273,0.4297464016449623,-0.13226694651966503,0.0,0.0,0.0,0,0,3.1854685193453243,0,0
municipality,10,10. КЮСТЕНДИЛ,41,9,1,3563,21,0.6061254734068829,1.0,0.39387452659311706,0.5150154364299747,0.38095238095238093,-0.13406305547759378,0.1111111111111111,0.0,-0.1111111111111111,1,0,-0.4439694886369132,0,0
municipality,06,06. ВРАЦА,32,5,13,1207,1203,0.46079881656804733,0.6783974011911207,0.21759858462307335,0.4656172328086164,0.33000831255195345,-0.13560892025666293,0.0,0.0,0.0,0,0,-94.00368765038165,0,0
municipality,26,26. СОФИЯ област,07,37,8,13446,481,0.5312142257498282,0.7155049786628734,0.1842907529130452,0.5641082849918191,0.4282744282744283,-0.1358338567173908,0.0,0.0,0.0,0,0,-20.304282347725888,1,0
municipality,10,10. КЮСТЕНДИЛ,31,1,18,205,691,0.4751131221719457,0.5751211631663974,0.10000804099445171,0.5560975609756098,0.4196816208393632,-0.13641594013624658,0.0,0.0,0.0,0,0,-25.906906400089316,0,0
municipality,13,13. ПАЗАРДЖИК,20,25,2,9518,231,0.5104656571399039,0.7005813953488372,0.19011573820893335,0.538978777054003,0.39826839826839827,-0.14071037878560472,0.04,0.0,-0.04,1,0,-29.790600752100744,0,0
municipality,14,14. ПЕРНИК,08,5,20,1760,911,0.5080421519689406,0.6364242828552368,0.12838213088629613,0.5505681818181818,0.4083424807903403,-0.1422257010278415,0.0,0.0,0.0,0,0,-99.7772386819131,0,0
municipality,19,19. РУСЕ,03,8,2,1691,145,0.40230925967851483,0.5474452554744526,0.14513599579593772,0.6250739207569486,0.4827586206896552,-0.14231530006729337,0.125,0.0,-0.125,1,0,-21.49878231736026,1,0
municipality,17,17. ПЛОВДИВ област,42,8,6,2234,356,0.3900589721988206,0.7394789579158316,0.34941998571701105,0.5420769919427036,0.398876404494382,-0.14320058744832165,0.0,0.0,0.0,0,0,7.23184650901406,1,0
municipality,14,14. ПЕРНИК,36,19,30,5496,2327,0.47195325542570954,0.6286085825747725,0.15665532714906294,0.5751455604075691,0.431886549204985,-0.14325901120258416,0.0,0.0,0.0,0,0,2.1462032203799275,0,0
municipality,26,26. СОФИЯ област,18,11,8,4750,819,0.5684613599443026,0.7225,0.15403864005569745,0.5298947368421053,0.3833943833943834,-0.1465003534477219,0.0,0.0,0.0,0,0,-6.229688326646393,1,0
municipality,11,11. ЛОВЕЧ,36,5,9,1656,574,0.4606889297922693,0.6218144750254841,0.16112554523321487,0.3991545893719807,0.25261324041811845,-0.14654134895386223,0.0,0.0,0.0,0,0,-75.85837337268781,0,0
municipality,01,01. БЛАГОЕВГРАД,53,14,2,5228,216,0.6605448795913403,0.9007936507936508,0.24024877120231047,0.1704284621270084,0.023148148148148147,-0.14728031397886027,0.07142857142857142,0.0,-0.07142857142857142,1,0,-29.69353554271225,0,0
municipality,15,15. ПЛЕВЕН,39,16,4,5104,313,0.5021714501510574,0.7614678899082569,0.2592964397571995,0.4512147335423197,0.3035143769968051,-0.1477003565455146,0.0625,0.0,-0.0625,1,0,-42.21269332159055,0,0
municipality,17,17. ПЛОВДИВ област,26,51,6,13968,250,0.5095070422535212,0.721763085399449,0.21225604314592783,0.530569873997709,0.38,-0.15056987399770905,0.0196078431372549,0.0,-0.0196078431372549,1,0,17.97653616258779,0,0
municipality,02,02. БУРГАС,09,32,27,6963,1395,0.41065388951521986,0.5060827250608273,0.09542883554560744,0.5915553640672124,0.43799283154121865,-0.15356253252599378,0.0,0.0,0.0,0,0,-11.218797127597451,0,0
municipality,05,05. ВИДИН,06,5,10,1077,942,0.5191527715187021,0.6416831032215647,0.12253033170286265,0.44103992571959144,0.28450106157112526,-0.15653886414846618,0.0,0.0,0.0,0,0,-88.17458228279912,0,0
municipality,04,04. ВЕЛИКО ТЪРНОВО,28,44,8,12137,574,0.47787846481876334,0.55,0.0721215351812367,0.5720524017467249,0.4146341463414634,-0.1574182554052615,0.0,0.0,0.0,0,0,-63.81154350316682,0,0
municipality,26,26. СОФИЯ област,16,5,10,1441,723,0.536849710982659,0.5922098569157392,0.05536014593308025,0.546148507980569,0.38865836791147995,-0.15749014006908907,0.0,0.0,0.0,0,0,-88.85540112529924,0,0
municipality,06,06. ВРАЦА,20,24,2,7870,247,0.5031945909062713,0.7323943661971831,0.22919977529091184,0.5796696315120712,0.42105263157894735,-0.15861699993312384,0.0,0.0,0.0,0,0,-37.532899140644304,0,0
municipality,22,22. СМОЛЯН,16,13,24,3597,2246,0.5618774524600061,0.6645821489482661,0.10270469648825997,0.5309980539338337,0.37043633125556547,-0.16056172267826824,0.07692307692307693,0.0,-0.07692307692307693,1,0,-4.0375949693705735,0,0
municipality,15,15. ПЛЕВЕН,11,20,2,3561,150,0.3325653522374834,0.46607669616519176,0.13351134392770836,0.561078348778433,0.4,-0.16107834877843297,0.0,0.0,0.0,0,0,-24.062350612206274,0,0
municipality,17,17. ПЛОВДИВ област,17,40,2,13007,43,0.5127912288716309,0.9148936170212766,0.4021023881496457,0.6037518259398785,0.4418604651162791,-0.16189136082359945,0.025,0.0,-0.025,1,0,24.64256495655227,1,0
municipality,01,01. БЛАГОЕВГРАД,28,8,3,2291,150,0.578021978021978,0.8360655737704918,0.2580435957485139,0.4015713662156264,0.23333333333333334,-0.16823803288229305,0.125,0.0,-0.125,1,0,-21.734744229847294,0,0
municipality,18,18. РАЗГРАД,11,14,2,3534,96,0.33261494252873564,0.9801980198019802,0.6475830772732445,0.2753254102999434,0.10416666666666667,-0.1711587436332767,0.07142857142857142,0.0,-0.07142857142857142,1,0,-19.429426174724224,0,0
municipality,06,06. ВРАЦА,08,33,13,9935,1252,0.5622055971183153,0.7852389594676346,0.22303336234931925,0.4246602918973327,0.2507987220447284,-0.17386156985260426,0.030303030303030304,0.0,-0.030303030303030304,1,0,63.28370317828423,1,0
municipality,29,29. ХАСКОВО,33,26,17,8259,1496,0.475914583678199,0.5395558639833449,0.06364128030514588,0.6092747305969246,0.4344919786096257,-0.17478275198729892,0.038461538461538464,0.0,-0.038461538461538464,1,0,1.6005956378043447,0,0
municipality,26,26. СОФИЯ област,45,11,6,3499,234,0.5343579134032806,0.6899441340782123,0.15558622067493166,0.5204344098313803,0.33760683760683763,-0.1828275722245427,0.0,0.0,0.0,0,0,0.8704115878535637,0,0
municipality,07,07. ГАБРОВО,12,14,10,2975,604,0.4665851047560789,0.6673684210526316,0.20078331629655272,0.5273949579831932,0.3443708609271523,-0.18302409705604095,0.0,0.0,0.0,0,0,2.6420333110616205,1,0
municipality,04,04. ВЕЛИКО ТЪРНОВО,32,3,7,627,280,0.44192256341789055,0.6066252587991718,0.1647026953812813,0.4880382775119617,0.30357142857142855,-0.18446684894053317,0.0,0.0,0.0,0,0,-48.926369943648375,0,0
municipality,08,08. ДОБРИЧ,17,16,14,4563,650,0.4289242590559824,0.47067039106145253,0.041746132005470116,0.5373657681349989,0.3507692307692308,-0.18659653736576814,0.0,0.0,0.0,0,0,-3.2296339598529187,0,0
municipality,09,09. КЪРДЖАЛИ,16,143,27,28780,1898,0.30402230026869004,0.44975214060387564,0.1457298403351856,0.29711605281445447,0.1095890410958904,-0.18752701171856406,0.055944055944055944,0.037037037037037035,-0.01890701890701891,8,1,-4.52308297950733,4,0
municipality,14,14. ПЕРНИК,51,4,17,872,667,0.4429334628460418,0.5884843353090601,0.1455508724630183,0.6020642201834863,0.4107946026986507,-0.19126961748483556,0.0,0.0,0.0,0,0,-83.96890887192109,0,0
municipality,13,13. ПАЗАРДЖИК,21,26,1,6751,15,0.38437244759052547,0.9375,0.5531275524094745,0.5252555177010814,0.3333333333333333,-0.19192218436774805,0.0,0.0,0.0,0,0,-2.537928351947149,0,0
municipality,29,29. ХАСКОВО,28,30,13,9436,1022,0.5888251283600121,0.5727128503437334,-0.01611227801627868,0.5789529461636287,0.38551859099804303,-0.19343435516558566,0.0,0.07692307692307693,0.07692307692307693,0,1,-0.5891902579875588,1,0
municipality,17,17. ПЛОВДИВ област,28,19,3,5017,163,0.44499288881452354,0.6615969581749049,0.2166040693603814,0.5433526011560693,0.34355828220858897,-0.19979431894748034,0.05263157894736842,0.0,-0.05263157894736842,1,0,-33.187334015490165,1,0
municipality,01,01. БЛАГОЕВГРАД,11,39,4,14519,170,0.536311854752581,0.8480392156862745,0.31172736093369346,0.3289482746745644,0.12352941176470589,-0.2054188629098585,0.02564102564102564,0.0,-0.02564102564102564,1,0,-89.65750705122763,0,0
municipality,04,04. ВЕЛИКО ТЪРНОВО,13,8,20,2753,1038,0.45505882352941174,0.6685570258349086,0.21349820230549688,0.5176171449328005,0.31021194605009633,-0.2074051988827042,0.0,0.0,0.0,0,0,-0.8527679928077347,0,0
municipality,31,31. ЯМБОЛ,07,17,12,4789,679,0.4646511627906977,0.5303254437869822,0.06567428099628453,0.5525161829191898,0.3431516936671576,-0.20936448925203222,0.0,0.0,0.0,0,0,2.688293359408375,0,0
municipality,26,26. СОФИЯ област,59,6,2,2401,87,0.677384780278671,0.9823008849557522,0.3049161046770812,0.3231986672219908,0.10344827586206896,-0.21975039135992186,0.0,0.0,0.0,0,0,-17.325262211815605,1,0
municipality,03,03. ВАРНА,14,10,1,2764,180,0.38834165429766565,0.808695652173913,0.4203539978762474,0.5148335745296672,0.29444444444444445,-0.2203891300852227,0.0,0.0,0.0,0,0,-40.47154665241362,0,0
municipality,01,01. БЛАГОЕВГРАД,37,27,2,10665,88,0.6463315058905867,0.9207920792079208,0.2744605733173341,0.480168776371308,0.25,-0.230168776371308,0.07407407407407407,0.0,-0.07407407407407407,2,0,-19.291525547140882,0,0
municipality,13,13. ПАЗАРДЖИК,08,34,17,12200,1469,0.4435199104988987,0.6579511358765537,0.21443122537765502,0.4910655737704918,0.2491490810074881,-0.24191649276300373,0.029411764705882353,0.058823529411764705,0.029411764705882353,1,1,175.4317963290439,2,0
municipality,07,07. ГАБРОВО,35,15,5,4265,156,0.48629757017641184,0.6317829457364341,0.14548537556002228,0.569284876905041,0.3141025641025641,-0.25518231280247694,0.0,0.0,0.0,0,0,-38.66594330994133,0,0
municipality,02,02. БУРГАС,12,4,7,684,441,0.4097504352872896,0.6430555555555556,0.233305120268266,0.6140350877192983,0.35827664399092973,-0.25575844372836853,0.0,0.0,0.0,0,0,-84.21646696760337,0,0
municipality,13,13. ПАЗАРДЖИК,24,16,1,5704,11,0.4679764243614931,1.0,0.5320235756385069,0.45424263674614307,0.18181818181818182,-0.27242445492796125,0.0625,0.0,-0.0625,1,0,0.5895096837097658,0,0
municipality,13,13. ПАЗАРДЖИК,03,9,1,2416,23,0.5020080321285141,0.9259259259259259,0.42391789379741185,0.45364238410596025,0.13043478260869565,-0.3232076014972646,0.0,0.0,0.0,0,0,-5.498290291852198,0,0
